類型,年份,樓層,總坪數,房間數,價位（萬）
電梯大樓,20.6,15,43.92,5,3480
公寓,29.5,5,58.81,10,3998
電梯大樓,7,11,31.42,8,3200
別墅,31,4,64.91,11,4480
電梯大樓,9.5,12,12.13,3,2080
電梯大樓,13.6,11,16.82,5,1780
電梯大樓,8.7,5,13.88,3,2200
電梯大樓,3.9,14,36.7,7,4350
電梯大樓,1.7,14,54.18,7,7780
電梯大樓,4.4,9,24.17,6,3400
電梯大樓,8.5,14,18.24,6,2250
電梯大樓,2.9,10,43.51,7,5988
電梯大樓,4.6,13,22.46,7,2780
電梯大樓,8.9,10,20.36,5,2350
電梯大樓,5.1,10,9.68,3,1350
電梯大樓,5.1,10,15.14,5,2350
電梯大樓,22.4,10,9.61,3,890
電梯大樓,25.9,8,65.51,7.5,5280
公寓,39.5,4,32.73,6.5,1790
電梯大樓,29.1,14,8,3,825
電梯大樓,29.5,7,7.66,3,648
電梯大樓,6.8,15,38.87,8,5200
電梯大樓,8.6,9,9.8,3,1688
電梯大樓,12.6,8,13.83,2,2480
公寓,41.5,4,35.15,7,3650
電梯大樓,4.3,13,38.88,7,7700
電梯大樓,32.8,13,12.18,4,980
電梯大樓,4.8,20,46.3,9,6750
電梯大樓,44.4,6,49.03,2,3680
電梯大樓,22.7,7,15.65,3,1350
電梯大樓,29.9,7,32.43,5,2647
電梯大樓,3.7,7,16.61,5,2346
電梯大樓,22.7,9,39.37,8,2980
電梯大樓,17,10,25.94,7,2750
公寓,39,5,33.22,7,2258
電梯大樓,44.7,7,15.77,3,1680
電梯大樓,35.5,12,9.25,3,630
電梯大樓,33.2,7,29.26,7,2460
電梯大樓,28.1,15,35.9,6,3580
公寓,31.6,5,31.05,7,1880
電梯大樓,31.6,12,50.77,10,4600
電梯大樓,9.5,12,15,5.5,1798
公寓,39.7,4,23.03,6,1480
公寓,35.4,5,22.79,5,1198
電梯大樓,1.7,14,69.21,9,9200
電梯大樓,21.1,8,42.68,7,3288
電梯大樓,33.4,7,23.81,6,1950
電梯大樓,7.8,9,15.49,5,2060
公寓,32.3,5,28.95,7,1138
電梯大樓,23.5,9,27.25,5,2280
公寓,32.8,5,26.26,7,1395
電梯大樓,14.9,10,36.71,8,3600
電梯大樓,22.2,10,45.03,9,5688
別墅,31,4,64.91,13,5750
別墅,31,4,73.4,14,5868
電梯大樓,26.6,7,48.26,8,3560
公寓,28.5,5,32.73,7,2198
電梯大樓,9.2,15,13.39,4,1798
電梯大樓,1.1,13,16.54,5,2188
電梯大樓,15.9,9,62.41,9,13000
電梯大樓,35.9,7,36.53,7,2180
電梯大樓,7.4,14,8.5,2,1300
電梯大樓,35.5,12,20.38,7,1380
電梯大樓,30,7,27.7,2,1590
電梯大樓,6.4,14,17.78,5,2612
公寓,52.4,4,22.32,2,1050
電梯大樓,17,8,25.91,7,2812
電梯大樓,8.6,10,8.47,2,1080
電梯大樓,9.5,19,9.72,3,2720
電梯大樓,16.7,14,29.78,3,5200
電梯大樓,16.7,14,28.11,2,5590
電梯大樓,19.2,13,28.08,7,4980
別墅,4.6,5,138.13,20,13288
電梯大樓,32.2,6,36.42,3,2580
電梯大樓,33.5,7,39.6,8,2988
電梯大樓,11.7,8,52.12,9,9200
電梯大樓,21.7,15,35.69,7,5495
電梯大樓,13.2,10,25.18,7,3080
電梯大樓,10.9,15,18.42,5,2380
公寓,34.1,5,23.3,7,1638
電梯大樓,9.2,13,18.37,5,2188
電梯大樓,34.1,7,27.73,7,2500
電梯大樓,17.1,5,27.34,7,4450
電梯大樓,4.6,14,36.81,7,4688
公寓,32.1,5,29.45,7,1550
電梯大樓,2.4,7,6.33,3,1250
電梯大樓,8.6,7,5.85,2,1286
電梯大樓,5.1,10,15.87,5,2580
電梯大樓,33.4,7,25.28,6,1968
電梯大樓,3.8,7,24.49,7,4288
公寓,37.3,5,26.57,6,2480
別墅,39.3,2,58.81,9,16000
電梯大樓,21.6,16,17.45,5,1888
電梯大樓,26.9,9,48.03,4,4200
電梯大樓,15.8,10,9.48,3,1270
電梯大樓,15.3,11,40.96,7,4650
電梯大樓,9.1,11,10.59,1,1420
電梯大樓,10.6,14,26.36,7,4150
公寓,28.8,5,27.13,7,1880
公寓,43.5,4,19.1,6,1500
電梯大樓,8.7,7,4.33,2,660
電梯大樓,30.6,18,13.65,4,1780
公寓,52.6,4,27.85,6,3100
電梯大樓,4.8,7,12.64,3,1998
公寓,47.5,4,25.29,7,2198
公寓,35.7,5,20.51,6,1350
電梯大樓,10,11,32.62,7,4730
電梯大樓,16.5,6,22.02,6,3488
電梯大樓,4.1,13,37.22,7,6888
電梯大樓,32.7,15,50.34,7,5395
電梯大樓,9.8,7,40.9,8,6500
電梯大樓,4.4,14,39.86,7,7880
電梯大樓,16.9,14,45.51,8,6460
電梯大樓,34.3,14,38.78,5,3480
公寓,36.7,5,24.27,4,1456
電梯大樓,9.9,11,32.12,8,3333
公寓,43.2,4,52.76,8,7800
電梯大樓,5.8,14,32.77,4,6980
電梯大樓,32.2,19,28.55,7,3580
電梯大樓,7.1,14,62.24,9,9688
電梯大樓,35.5,12,31.8,6.5,3380
電梯大樓,2.1,15,42.79,8,4980
電梯大樓,4.4,10,11.2,3,2180
電梯大樓,20.8,17,16.47,4,1088
公寓,28.1,5,39.08,6,3200
電梯大樓,6.1,14,16.43,4,1650
電梯大樓,1.5,9,18.72,6,2380
公寓,16.4,4,20.67,7,1400
別墅,8.7,5,87.74,15,7980
公寓,51.7,3,21.05,3,3600
電梯大樓,7.8,19,58.01,6,11170
電梯大樓,33,10,22.2,6,2080
電梯大樓,40,12,33.98,8,5388
公寓,33.8,5,22.66,6,998
電梯大樓,14.5,8,25.49,7,1480
電梯大樓,2.1,15,42.8,8,4550
電梯大樓,3.5,19,75.78,8,14800
電梯大樓,22.4,11,16.8,4,1150
電梯大樓,23.4,7,49.5,5,3000
透天厝,42.9,2,40.1,6,3180
透天厝,55.4,4,74.08,7,6680
電梯大樓,26.8,8,38.24,8,2980
電梯大樓,30.3,12,18.37,4,1248
電梯大樓,8.7,6,26.77,7,3880
公寓,47.9,4,28.62,6,1460
電梯大樓,19.3,13,30.87,7,1998
電梯大樓,20.5,9,35.09,6,3280
電梯大樓,19.5,5,23.79,10,7500
公寓,31.1,5,43.06,7,2885
別墅,35.8,2,104.88,13,14000
電梯大樓,32.4,7,51.85,8,3988
透天厝,23.6,7,35.36,8,6500
公寓,41.9,4,31.38,7,1350
電梯大樓,8.6,7,29.49,8,2980
電梯大樓,3.3,7,27.97,7,2598
電梯大樓,3.1,26,38.86,8,4780
公寓,36.8,5,31.5,7,1680
電梯大樓,20,9,15.22,5,1580
電梯大樓,7.3,18,21.1,6,3900
電梯大樓,6.9,14,38.82,7,8650
電梯大樓,19.6,9,18.08,5,1188
電梯大樓,25.2,11,19.06,4,1350
公寓,28.4,5,28.38,7,2450
電梯大樓,39.2,7,14.33,3,996
電梯大樓,10.9,9,7.61,3,1180
電梯大樓,24.2,14,42.58,8,2780
電梯大樓,9.1,15,20.02,5,2288
公寓,37.4,4,28.7,6,2200
電梯大樓,14.1,12,26.09,7,1680
電梯大樓,7.9,18,12.19,3,950
公寓,40.8,4,20.75,4,1760
公寓,50.8,4,28.28,5,2700
電梯大樓,36.1,12,43.39,3,1580
電梯大樓,2.1,15,42.79,8,4395
電梯大樓,10.9,12,60.07,9,9998
電梯大樓,1.1,11,29.94,7,2880
公寓,36.6,5,35.4,7,1500
電梯大樓,3.1,6,23.65,6,2900
電梯大樓,9.2,13,7.52,2,1400
公寓,40.8,4,24.16,6,1080
電梯大樓,31.1,14,22.86,7,2920
電梯大樓,10.3,12,7.84,3,1350
電梯大樓,4,5,11.41,3,1345
電梯大樓,39.5,7,32.85,6,4180
公寓,34.1,5,28.76,7,1880
公寓,41.8,4,27.98,6.5,1880
電梯大樓,8.4,9,6.68,3,1498
電梯大樓,45.5,12,48.03,8,5680
公寓,40.6,4,38.18,8,1980
公寓,32.7,5,28.88,6,1850
公寓,35.6,5,28.82,10,2100
公寓,48,4,35.71,7.5,3200
公寓,34,5,24.63,6,2100
電梯大樓,3.9,13,43.23,7,5988
電梯大樓,5.2,8,20.66,5,1760
公寓,37.2,4,22.99,6,1550
電梯大樓,10.5,19,16.96,4,3200
電梯大樓,7.6,24,35.52,7,3980
電梯大樓,9.9,12,41.48,7,4880
電梯大樓,8.4,12,55.59,9,9680
電梯大樓,15.9,14,41.17,7,4600
電梯大樓,32.3,7,33.68,7,3200
電梯大樓,4.6,14,42.29,7,5480
電梯大樓,4.6,14,33.01,7,4280
電梯大樓,5.5,6,29.59,7,4888
公寓,43.9,4,30.57,7,2300
電梯大樓,38.6,11,19.17,2,3080
公寓,38.5,5,33.15,7,1650
透天厝,31,3,131.6,16,34500
公寓,42.6,4,35.16,7,1398
公寓,41.7,4,50.73,8,3688
電梯大樓,32,12,36.06,8,2200
電梯大樓,33.7,12,23.74,7,1480
電梯大樓,32.3,12,25.79,7,1500
電梯大樓,37.3,7,37.94,7,2980
電梯大樓,18.4,6,10.07,3,1668
電梯大樓,9.6,14,19.29,5,1988
公寓,36.8,5,31.5,7,1680
電梯大樓,20,9,15.22,5,1580
電梯大樓,8.4,13,53.87,10,13988
電梯大樓,35.5,21,64.95,6,9980
電梯大樓,42,12,38.62,5,4563
電梯大樓,32.2,19,28,5,3960
電梯大樓,35.5,21,66.37,8,7980
電梯大樓,35.5,21,64.95,10,9100
電梯大樓,32.2,19,24.59,5.5,3258
電梯大樓,13.2,12,13,3,2480
電梯大樓,10.3,14,9.14,3,2280
電梯大樓,39.5,7,52.01,9,5850
電梯大樓,37.1,7,34.34,8,4988
電梯大樓,3.9,9,39.87,7,5680
電梯大樓,31.5,7,41.22,8,2988
電梯大樓,14.1,8,15.55,4,1555
電梯大樓,8.7,6,100.84,1,8980
電梯大樓,21.5,13,9.97,3,1250
電梯大樓,35.2,12,33.77,7,1790
電梯大樓,39.5,7,48.94,7,4650
電梯大樓,14.8,8,35.91,7,3150
電梯大樓,8.7,15,22.44,6,3988
電梯大樓,33.5,10,14.63,1,6500
電梯大樓,7.1,14,37.08,8,6800
電梯大樓,27.1,10,40.25,5,2680
電梯大樓,21.9,12,30.13,7,3880
電梯大樓,35,12,22.88,6,1448
電梯大樓,35,12,23.3,6,1580
電梯大樓,1.7,7,16.65,4,1980
電梯大樓,30.7,9,38.56,8,1850
電梯大樓,5.2,11,31.11,7,2850
電梯大樓,11.5,14,34.24,7,8030
電梯大樓,30.3,12,26.17,7,1980
電梯大樓,3.4,7,27.79,8,2760
公寓,41.5,4,31.38,8,1300
電梯大樓,17,11,54.96,11,6800
電梯大樓,7.4,14,51.33,8,7680
公寓,44.4,4,31.62,6,980
電梯大樓,5.5,7,27.51,7,2588
公寓,47.9,4,26.34,6,1360
電梯大樓,9.7,21,40.03,7,4780
電梯大樓,6.9,7,27.74,7,2366
公寓,38.6,5,30.24,7,1700
電梯大樓,31.9,11,65.15,7,3698
公寓,34.5,4,27.74,8,1380
公寓,28.4,5,41.94,8,2100
電梯大樓,6.9,7,27.74,7,2700
公寓,24.7,5,38.19,8,1880
電梯大樓,2.3,11,7.61,2,950
電梯大樓,40.2,11,58.25,2,12000
公寓,35.5,5,33.88,6,1598
透天厝,33.4,2,35.36,6,2750
電梯大樓,25.6,9,52.33,8,3280
電梯大樓,4.5,11,32.38,7,3250
電梯大樓,21.5,12,11.02,4,998
電梯大樓,6.2,15,33.04,7,3680
公寓,22.9,5,45.43,8,2480
電梯大樓,6.2,15,40.79,7,3750
電梯大樓,7.3,13,57.1,8,5980
電梯大樓,5.3,27,29.38,7,4588
公寓,31.9,5,31.42,6,1750
電梯大樓,5.2,11,26.88,7,2750
公寓,35.9,5,27.19,7,1238
電梯大樓,22.3,13,12.66,3,950
電梯大樓,2.4,26,43.92,8,4800
電梯大樓,5.6,14,19.41,3,2750
電梯大樓,13.5,13,38.25,8,3650
電梯大樓,2.4,26,29.82,7,3380
電梯大樓,6.4,23,36.51,8,4450
電梯大樓,5.8,13,25.65,7,2580
電梯大樓,24.2,5,42.75,7,3200
公寓,37.8,7,16.25,1,3670
電梯大樓,19.2,11,32.11,7,4590
電梯大樓,40.8,7,34.69,7,3750
電梯大樓,31.9,7,36.65,6,3960
電梯大樓,10.6,13,6.45,2,1020
電梯大樓,10,27,62.39,8,17768
電梯大樓,31.9,7,34.69,7,2780
公寓,48,4,46.82,7,6980
電梯大樓,5.1,7,13.28,5,1360
電梯大樓,9.5,14,38.52,7,3080
公寓,34.2,5,29.23,7,1880
電梯大樓,9,12,44.2,8,4500
公寓,39.1,5,35.21,7,2730
電梯大樓,36.9,7,37.82,7,4280
電梯大樓,8.8,14,43.84,8,6150
電梯大樓,3.1,9,13.87,5,2060
電梯大樓,22.4,13,16.71,4,1640
電梯大樓,25.5,10,17.74,2,2650
電梯大樓,7.4,11,35.64,7,4980
公寓,34.5,5,25.72,10,1680
公寓,49.3,2,32.34,8,4388
電梯大樓,29.6,4,86.89,1,4950
電梯大樓,34.3,14,18.78,5,1200
電梯大樓,33,12,18.36,3,1880
電梯大樓,32.1,14,24.81,5,2780
電梯大樓,9,7,7.98,3,1188
電梯大樓,34.6,7,34.19,7,2750
公寓,39.2,5,27.58,6,2480
電梯大樓,8,11,26.03,4,3880
電梯大樓,3.9,14,36.88,8,4468
電梯大樓,40.3,12,16.59,5,1980
公寓,39.7,5,19.72,6,1288
電梯大樓,3,23,52,8,7083
電梯大樓,5.7,15,52.6,9,14960
公寓,40.9,4,25.39,6,1290
電梯大樓,8.8,14,14.93,4,2880
電梯大樓,2.1,7,11.38,4,3377
電梯大樓,28.6,16,30.71,7,3990
電梯大樓,34,7,63.46,8,8100
電梯大樓,38.3,7,29.38,7,3688
電梯大樓,30.3,7,32.42,7,3968
電梯大樓,30.3,12,8.39,3,1180
電梯大樓,8.8,14,6.77,3,1380
電梯大樓,8.8,14,34.43,8,4550
電梯大樓,3.7,10,8.88,3,1580
電梯大樓,8.2,15,19.15,5,3680
公寓,31.4,5,42.37,7,4700
電梯大樓,0.5,10,15.11,3,2958
電梯大樓,12,20,42.95,7,4530
電梯大樓,6.6,14,34.73,7,2990
公寓,42.1,4,32.5,6,2380
公寓,40,4,30.31,7,1680
電梯大樓,18.9,13,17.98,5,1598
公寓,33.9,5,25.11,6.5,1250
別墅,35.6,2,65.18,11,7200
電梯大樓,4.3,10,52.87,9,5988
電梯大樓,1.2,26,23.6,7,2950
電梯大樓,2.9,13,28.63,7,2580
電梯大樓,16.7,10,18,4,1388
公寓,43,4,28.12,6,898
公寓,31.2,5,32.91,7,3800
公寓,33.2,5,31.17,6,1980
電梯大樓,8.1,7,9.15,3,1138
電梯大樓,6.6,14,32.63,7,2880
透天厝,49.9,2,39.46,16,3688
電梯大樓,11,15,35.77,2,6900
電梯大樓,7.5,5,43.79,1,5600
電梯大樓,2.8,7,23.78,7,2350
電梯大樓,31.6,7,33.29,6,3980
電梯大樓,3.7,12,37.37,2,4250
電梯大樓,7.2,15,54.95,8,6760
公寓,36.6,5,26.68,6,1580
電梯大樓,39.2,12,39.34,7,6350
公寓,30.9,5,27.83,7,2900
電梯大樓,8,19,10.05,3,2080
電梯大樓,33.5,7,13.85,7,2900
電梯大樓,22.3,9,35.09,7,3180
透天厝,8.2,3,215.13,10,22000
電梯大樓,36.2,12,11.49,4,838
公寓,28.5,5,51.45,10,3550
電梯大樓,16.6,6,7.49,2,1180
電梯大樓,5.4,5,15.69,5,1800
電梯大樓,17.5,14,37.09,6,3188
電梯大樓,25.7,12,8.12,3,768
電梯大樓,31.3,14,19.61,3,2780
公寓,36.4,5,35.45,7,2380
電梯大樓,29.1,7,17.74,2,1998
公寓,46.7,4,21.13,6,1380
電梯大樓,8.8,10,30.02,7,3850
電梯大樓,9.6,15,19.62,5,1968
電梯大樓,27.5,6,35.99,10,4780
電梯大樓,3.3,21,60.92,7,8800
公寓,38.7,5,27.89,7,1360
電梯大樓,4.3,13,17.88,5,2250
電梯大樓,1.2,15,31.45,7,4280
電梯大樓,22.3,13,52.35,11,4500
電梯大樓,5,10,8.25,2,2180
電梯大樓,33.8,7,13.59,4,1980
電梯大樓,25.1,12,37.79,5,3888
公寓,41.2,5,26.47,7,2198
公寓,41.4,4,32.14,7,2000
電梯大樓,6,18,46.32,8,8800
公寓,39,5,19.21,6,1300
公寓,44.1,4,30.66,6,1988
電梯大樓,23.1,11,34.26,7,2650
電梯大樓,31.3,6,35.37,7,4580
電梯大樓,26.7,6,45.5,8,3800
公寓,33.2,5,27.69,6,1590
公寓,37.5,5,25.79,3,1498
公寓,28.6,5,29.15,4,3280
電梯大樓,23.8,7,49.45,8,2600
電梯大樓,4.1,14,38.64,9,5750
電梯大樓,7.7,24,49.63,7,10500
公寓,36,5,28.1,2,3300
公寓,34.4,5,28.05,6,1680
電梯大樓,23.9,8,7.79,3,610
電梯大樓,26.5,13,41.39,6,3500
電梯大樓,20.4,21,11.3,3,1280
電梯大樓,14.7,7,32.53,6,5850
電梯大樓,11.6,11,14.48,7,1630
公寓,40.8,4,33.43,7,2238
電梯大樓,9.1,7,10.47,4,1580
公寓,31.9,5,27.49,7,1858
公寓,33.3,5,30.05,6,1580
電梯大樓,4.1,9,29.55,7,8888
電梯大樓,9,11,29.4,7,2680
電梯大樓,36.5,7,27.04,7,1880
透天厝,43.6,2,35.5,7,6380
電梯大樓,6.3,15,59.18,11,7850
公寓,32.6,5,29.01,6,1980
公寓,31.7,5,30.1,6,1980
公寓,36.3,5,33.01,7,2700
公寓,39.3,4,29.99,6,1900
公寓,29.2,5,36.73,7,2600
電梯大樓,22.2,11,14.39,2,1180
電梯大樓,35.2,7,29.84,7,2050
電梯大樓,4.3,13,16.19,4,2200
電梯大樓,7.9,18,26.01,6,2200
公寓,43.6,4,18.08,6,980
電梯大樓,20,11,11.68,3,890
電梯大樓,8.6,14,16.58,5,2080
電梯大樓,7.9,18,26.01,8,2180
電梯大樓,8.3,7,12.54,5,2580
電梯大樓,23.9,12,86.2,7,5980
電梯大樓,18.4,12,33.55,7,2969
電梯大樓,32,7,35.29,8,3280
電梯大樓,3,24,47.33,2,5900
公寓,32.8,5,25,5,1580
電梯大樓,23.5,8,5.65,2,550
公寓,38.9,5,27.61,6,1560
公寓,32.8,5,24.68,7,1280
電梯大樓,20.9,12,30.54,7,1980
電梯大樓,7.3,13,49.34,8,5800
電梯大樓,18.9,13,36.71,8,3480
電梯大樓,8.6,7,22.07,6,2050
公寓,37.5,5,36.07,6,2100
電梯大樓,12,20,46.16,8,4980
電梯大樓,19.3,7,25.34,6,2188
公寓,23.5,5,33.42,7,1580
電梯大樓,18.6,11,12.21,3,1368
電梯大樓,9.1,14,25.51,7,2580
電梯大樓,2.9,13,28.63,7,2680
公寓,35.7,5,27.44,6,2280
公寓,47.8,4,52.09,8,4880
電梯大樓,33.4,14,46.53,3,3998
電梯大樓,9.4,14,13.16,5,1768
公寓,43.1,4,57.62,8,4580
電梯大樓,31.8,12,31.53,6,3500
電梯大樓,7.9,14,9.19,3,990
電梯大樓,25.3,7,27.17,7,2350
電梯大樓,40.7,12,35.86,7,5468
電梯大樓,1.6,10,74.54,8.5,21070
電梯大樓,27.9,16,44,8,4800
電梯大樓,10,11,8.39,2,1198
電梯大樓,24.6,7,62.39,6,3750
電梯大樓,21.4,10,14.71,4,1493
電梯大樓,39.1,11,6.96,3,799
電梯大樓,39.2,7,102.63,6.5,7980
電梯大樓,29.3,7,83.13,2,4500
電梯大樓,8.7,14,39.09,8,5200
電梯大樓,8.6,14,15.19,5,1980
電梯大樓,6.6,18,42.41,8,8200
電梯大樓,24.3,20,39.28,7,2880
電梯大樓,8.6,15,10.17,4,1999
電梯大樓,1.6,10,59.32,9.5,15338
別墅,6.1,5,116.79,7,19600
電梯大樓,23.5,3,35.34,7,3998
公寓,37.6,4,30.03,7,1500
電梯大樓,13.5,14,32.37,8,3980
電梯大樓,35.5,7,33.38,7,2550
公寓,47.6,4,49.47,9,4380
電梯大樓,19.9,13,33.91,8,3850
電梯大樓,9.4,14,7.4,2,998
公寓,34.5,5,26.57,6,1598
別墅,21.3,3,61.23,11,12000
電梯大樓,3.5,13,10.86,3,1688
電梯大樓,20.4,19,49.43,6,4880
電梯大樓,16.6,18,24.57,6,2800
電梯大樓,21.5,6,19.32,7,2780
電梯大樓,28.5,5,5.25,3,850
電梯大樓,35.5,7,32.22,7,2780
電梯大樓,36.8,12,35.13,7,3180
電梯大樓,14.8,8,35.91,7,3150
電梯大樓,8.7,15,22.44,6,3988
電梯大樓,33.5,10,14.63,1,6500
電梯大樓,7.1,14,37.08,8,6800
電梯大樓,27.1,10,40.25,5,2680
電梯大樓,21.9,12,30.13,7,3880
電梯大樓,35,12,22.88,6,1448
電梯大樓,35,12,23.3,6,1580
電梯大樓,1.7,7,16.65,4,1980
電梯大樓,30.7,9,38.56,8,1850
電梯大樓,5.2,11,31.11,7,2850
電梯大樓,11.5,14,34.24,7,8030
電梯大樓,30.3,12,26.17,7,1980
電梯大樓,3.4,7,27.79,8,2760
公寓,41.5,4,31.38,8,1300
電梯大樓,17,11,54.96,11,6800
電梯大樓,7.4,14,51.33,8,7680
公寓,44.4,4,31.62,6,980
電梯大樓,5.5,7,27.51,7,2588
公寓,47.9,4,26.34,6,1360
電梯大樓,8.6,8,12.48,5,1600
電梯大樓,14.1,8,15.55,4,1555
電梯大樓,19.2,8,25.36,6.5,1998
電梯大樓,11.2,6,24.8,7,3016
電梯大樓,4.1,7,23.79,7,2679
電梯大樓,19.2,9,25.11,6.5,1800
電梯大樓,25,16,37.25,8,2880
電梯大樓,26.4,7,70.11,10,5488
電梯大樓,17.7,14,29.59,7,3580
電梯大樓,8.7,6,100.84,1,8980
電梯大樓,24.9,12,21.32,7,2190
公寓,37.2,5,30.35,12,1698
公寓,38.3,5,21.22,6,1380
電梯大樓,8.9,7,17.38,5,2250
電梯大樓,6.6,10,17.65,1,1850
電梯大樓,11,14,15.31,3,1998
電梯大樓,7.8,9,29.53,7,5588
電梯大樓,7.1,14,33.98,7,5380
電梯大樓,1.3,11,31.03,7,4700
電梯大樓,9.2,11,13.87,3,1280
公寓,47.7,4,27.77,7,3680
電梯大樓,25.1,7,18.18,5,1610
公寓,31.7,5,31.73,6,1258
電梯大樓,6.4,11,26.36,7,2980
公寓,28.8,5,26.08,7,1820
電梯大樓,4.6,14,36.81,7,3990
公寓,37.1,5,27.82,2,2980
電梯大樓,1.9,14,37.75,6,4800
公寓,30.6,5,27.9,7,1680
電梯大樓,26.5,5,12.16,4,2480
電梯大樓,10.1,14,8.29,2,1240
電梯大樓,11.9,13,16.76,5,2500
公寓,35.6,5,26.93,2,2780
電梯大樓,30.7,12,37.09,7,2750
公寓,34.1,5,23.3,7,1638
電梯大樓,9.2,13,18.37,5,2188
電梯大樓,34.1,7,27.73,7,2500
電梯大樓,5.1,7,13.28,5,1360
電梯大樓,9.5,14,38.52,7,3080
公寓,34.2,5,29.23,7,1880
電梯大樓,9,12,44.2,8,4500
公寓,39.1,5,35.21,7,2730
電梯大樓,36.9,7,37.82,7,4280
電梯大樓,8.8,14,43.84,8,6150
電梯大樓,3.1,9,13.87,5,2060
電梯大樓,22.4,13,16.71,4,1640
電梯大樓,25.5,10,17.74,2,2650
電梯大樓,7.4,11,35.64,7,4980
公寓,34.5,5,25.72,10,1680
公寓,49.3,2,32.34,8,4388
電梯大樓,29.6,4,86.89,1,4950
電梯大樓,34.3,14,18.78,5,1200
電梯大樓,33,12,18.36,3,1880
電梯大樓,32.1,14,24.81,5,2780
電梯大樓,9,7,7.98,3,1188
電梯大樓,34.6,7,34.19,7,2750
公寓,39.2,5,27.58,6,2480
電梯大樓,3,24,28.4,7,3660
電梯大樓,8.3,12,17.79,5,2188
電梯大樓,10.9,15,28.49,7,2788
電梯大樓,12.1,12,21.47,7,2350
電梯大樓,9.7,8,16.38,6,1750
電梯大樓,21.5,16,8.61,3,798
電梯大樓,5.8,7,8.81,4,1300
電梯大樓,8.9,9,27.51,6,2980
電梯大樓,8.3,12,19.09,5,2398
電梯大樓,6.6,13,30.05,7,2812
電梯大樓,11.4,11,10.75,6,1550
電梯大樓,2.4,18,42.83,9,5270
公寓,34.4,5,29.18,6.5,1380
電梯大樓,4.8,15,28.26,6,2980
電梯大樓,3.6,7,8.2,3,1328
公寓,30.8,5,33.89,7,1780
電梯大樓,19.7,13,213.1,5,12888
電梯大樓,3,24,36.87,8,3800
電梯大樓,19.3,13,31.3,7,2580
公寓,38.7,4,26.2,6,1780
公寓,35.4,5,23.12,4,2480
公寓,45.4,5,26.41,7,2600
公寓,29.8,5,29.07,5,1770
公寓,39.9,5,41.17,14,3250
電梯大樓,40.1,7,42.98,8,4790
電梯大樓,32.1,17,23.33,6,2380
電梯大樓,25.6,5,17.6,5,1358
別墅,18.8,4,73.71,11.5,5680
電梯大樓,8.4,13,53.87,10,13988
電梯大樓,3.9,9,39.87,7,5680
電梯大樓,7.8,11,29.19,6,3645
電梯大樓,34.6,7,29.51,7,2488
電梯大樓,4.9,7,31.79,7,3900
電梯大樓,1.5,23,64.22,9,14800
電梯大樓,4.6,14,14.53,5,2788
電梯大樓,8.5,7,18.32,5,2700
公寓,27,5,47.6,7,3280
電梯大樓,24.3,12,31.31,7,3264
電梯大樓,8.9,8,19.23,5,3268
電梯大樓,9.2,13,7.52,2,1400
公寓,40.8,4,24.16,6,1080
電梯大樓,31.1,14,22.86,7,2920
電梯大樓,10.3,12,7.84,3,1350
電梯大樓,4,5,11.41,3,1345
電梯大樓,39.5,7,32.85,6,4180
公寓,34.1,5,28.76,7,1880
公寓,41.8,4,27.98,6.5,1880
電梯大樓,8.4,9,6.68,3,1498
電梯大樓,45.5,12,48.03,8,5680
公寓,40.6,4,38.18,8,1980
公寓,32.7,5,28.88,6,1850
公寓,35.6,5,28.82,10,2100
公寓,48,4,35.71,7.5,3200
公寓,34,5,24.63,6,2100
電梯大樓,3.9,13,43.23,7,5988
電梯大樓,5.2,8,20.66,5,1760
公寓,37.2,4,22.99,6,1550
電梯大樓,10.5,19,16.96,4,3200
電梯大樓,27,5,35.46,8,2980
電梯大樓,9.2,7,6.48,3,1060
電梯大樓,6.6,7,21.88,7,3800
電梯大樓,8.4,13,3.74,1,755
電梯大樓,31.2,16,29.83,7,3125
電梯大樓,41.2,7,11.91,4,1450
電梯大樓,33.4,7,42.76,2,4900
電梯大樓,30.1,12,42.98,7,3698
公寓,1.1,11,29.92,7,2788
電梯大樓,39.4,7,35.82,5,4550
公寓,20.5,5,6.09,3,850
電梯大樓,2.2,6,19.87,6,4150
電梯大樓,0.9,12,24.36,7,2388
電梯大樓,29.7,11,37.93,3,2580
電梯大樓,30.8,15,84.94,10,14666
公寓,42.9,4,30.23,7,5550
電梯大樓,30.2,14,24.18,6.5,2680
公寓,38.5,5,45,8,3280
電梯大樓,46.9,7,48.12,8,4680
電梯大樓,27.9,25,89.42,11,12380
電梯大樓,6.7,11,5.82,3,950
公寓,40.7,4,36.12,7,2998
電梯大樓,5,10,8.65,3,1750
電梯大樓,8,14,36.22,8,4600
電梯大樓,16.7,14,35.47,8,4588
電梯大樓,10,11,16.42,2,2680
別墅,18.3,5,57.73,13,3280
公寓,34.4,5,21.59,6,1113
電梯大樓,11.3,8,19.75,2,3800
公寓,47.8,4,21.46,5,2250
電梯大樓,7.6,14,24.42,3,4980
電梯大樓,8.9,6,4.61,2,710
電梯大樓,35.5,16,44.41,4,4680
公寓,36.7,5,29.41,6,1560
電梯大樓,6.2,12,27.03,6,3880
電梯大樓,7.3,15,46.3,8,6388
電梯大樓,40,12,49.88,3,6200
電梯大樓,20.5,5,41.2,7,2680
電梯大樓,5.4,7,10.96,4,2380
電梯大樓,20.9,16,34.55,8,2650
電梯大樓,7.4,19,53.62,9,8650
公寓,39.7,5,30.48,7,2390
公寓,37,5,27.7,6,1560
公寓,41.9,4,45.71,8,3950
電梯大樓,1.1,11,29.94,7,2880
電梯大樓,33.1,7,56.25,8,4780
電梯大樓,11.6,7,6.54,2,1180
電梯大樓,31.2,12,31.7,3,3380
公寓,35.5,5,46.78,8,4180
電梯大樓,6.3,15,36.38,7,4290
電梯大樓,21.4,19,44.24,7,4788
電梯大樓,40.2,12,16.57,5,1980
公寓,31.5,5,28.51,6,2050
電梯大樓,24.7,16,41.77,8,3490
電梯大樓,6.4,7,39,7,4980
電梯大樓,7.1,13,13.72,5,2100
電梯大樓,5.1,15,41.98,7,5180
電梯大樓,36.8,7,33.37,7,2680
電梯大樓,35.3,7,30.83,6,3680
電梯大樓,7.7,7,46.91,8,11500
電梯大樓,5.7,11,72.78,14,7100
電梯大樓,17,12,26.01,7,2880
電梯大樓,10.2,6,5.58,2,750
電梯大樓,8.7,10,13.81,2,1958
電梯大樓,18.6,7,162.56,1,11880
電梯大樓,9.8,7,40.78,8,6500
公寓,28,8,35.92,8,1980
電梯大樓,5.8,16,38.62,2,7980
電梯大樓,5,14,72.52,8,15760
電梯大樓,6.4,14,18.31,4,2715
電梯大樓,31.7,12,37.32,2.5,3880
電梯大樓,20.1,11,35,7,3180
電梯大樓,13.1,10,118.04,12,22555
電梯大樓,1.5,13,38.92,7,5980
透天厝,15,5,60.18,9,7888
電梯大樓,3.1,6,63.96,10,6788
電梯大樓,18.7,7,18.44,4,2300
電梯大樓,21.4,9,8.05,2,1080
電梯大樓,31.1,14,24.13,8,2420
電梯大樓,3.8,14,12.98,1,2200
公寓,34.4,5,32.54,2,4980
電梯大樓,13.6,15,8.81,3,1175
電梯大樓,9.8,13,9.2,4,1225
電梯大樓,7.3,13,8.97,2,1428
透天厝,42.5,4,103.39,13,7300
電梯大樓,9.3,11,25.32,7,4768
電梯大樓,8.2,14,67.24,9,18800
電梯大樓,7.6,10,29.68,3,5490
電梯大樓,39,12,30.72,2,9999
電梯大樓,35.8,7,43.57,8,3680
電梯大樓,5.8,5,7.75,5,5000
電梯大樓,13.2,12,6.62,3,1380
電梯大樓,36.4,12,41.19,6,3800
電梯大樓,3.7,7,14.28,3,2018
電梯大樓,10.9,13,34.54,6,4690
電梯大樓,7.8,19,52.25,3,9999
電梯大樓,31.1,15,24.91,2,2480
電梯大樓,33.3,7,11.64,2,3458
電梯大樓,7.1,15,26.56,7,3188
電梯大樓,3.7,7,27.75,4,4098
電梯大樓,9.7,21,40.03,7,4780
電梯大樓,6.9,7,27.74,7,2366
公寓,38.6,5,30.24,7,1700
電梯大樓,31.9,11,65.15,7,3698
公寓,34.5,4,27.74,8,1380
公寓,28.4,5,41.94,8,2100
電梯大樓,6.9,7,27.74,7,2700
公寓,24.7,5,38.19,8,1880
電梯大樓,2.3,11,7.61,2,950
電梯大樓,40.2,11,58.25,2,12000
公寓,35.5,5,33.88,6,1598
透天厝,33.4,2,35.36,6,2750
電梯大樓,25.6,9,52.33,8,3280
電梯大樓,4.5,11,32.38,7,3250
電梯大樓,21.5,12,11.02,4,998
電梯大樓,6.2,15,33.04,7,3680
公寓,22.9,5,45.43,8,2480
電梯大樓,6.2,15,40.79,7,3750
電梯大樓,7.3,13,57.1,8,5980
電梯大樓,5.3,27,29.38,7,4588
電梯大樓,7.3,18,21.1,6,3900
電梯大樓,6.9,14,38.82,7,8650
電梯大樓,19.6,9,18.08,5,1188
電梯大樓,25.2,11,19.06,4,1350
公寓,28.4,5,28.38,7,2450
電梯大樓,39.2,7,14.33,3,996
電梯大樓,10.9,9,7.61,3,1180
電梯大樓,24.2,14,42.58,8,2780
電梯大樓,9.1,15,20.02,5,2288
公寓,37.4,4,28.7,6,2200
電梯大樓,14.1,12,26.09,7,1680
電梯大樓,7.9,18,12.19,3,950
公寓,40.8,4,20.75,4,1760
公寓,50.8,4,28.28,5,2700
電梯大樓,36.1,12,43.39,3,1580
電梯大樓,2.1,15,42.79,8,4395
電梯大樓,10.9,12,60.07,9,9998
電梯大樓,1.1,11,29.94,7,2880
公寓,36.6,5,35.4,7,1500
電梯大樓,13.8,14,9.25,3,758
電梯大樓,34.7,16,30.26,7,2680
電梯大樓,4.8,14,30.26,7,2780
電梯大樓,31.9,7,34.69,7,2780
公寓,38.8,5,28.21,7,1468
電梯大樓,3.5,13,10.86,3,1688
公寓,48,4,46.82,7,6980
別墅,11.5,4,84.24,13,4988
公寓,41.2,4,29.11,6,1950
公寓,42.5,4,39.94,7,1350
電梯大樓,3.9,5,47.36,10,6000
電梯大樓,8,19,9.49,3,1700
公寓,30.4,5,24.28,7,1420
電梯大樓,28,12,10.31,3,998
電梯大樓,2.6,5,19.34,5,1950
電梯大樓,8,5,40.08,7,3980
電梯大樓,2.6,5,18.09,4,2083
別墅,31.4,2,91.55,9,11800
公寓,28.4,5,37.55,7,1407
公寓,14.1,5,26.34,6,1400
電梯大樓,3.8,14,13.01,4,2250
電梯大樓,11.9,5,25.32,7,2980
電梯大樓,2,17,56.14,8,9500
公寓,43.5,4,19.1,6,1500
電梯大樓,8.7,7,4.33,2,660
電梯大樓,30.6,18,13.65,4,1780
公寓,52.6,4,27.85,6,3100
電梯大樓,4.8,7,12.64,3,1998
公寓,47.5,4,25.29,7,2198
公寓,35.7,5,20.51,6,1350
電梯大樓,10,11,32.62,7,4730
電梯大樓,16.5,6,22.02,6,3488
電梯大樓,4.1,13,37.22,7,6888
電梯大樓,32.7,15,50.34,7,5395
電梯大樓,9.8,7,40.9,8,6500
電梯大樓,4.4,14,39.86,7,7880
電梯大樓,16.9,14,45.51,8,6460
電梯大樓,34.3,14,38.78,5,3480
公寓,36.7,5,24.27,4,1456
電梯大樓,2.4,7,7.07,2,1450
電梯大樓,2.6,5,19.34,5,1950
電梯大樓,8,5,40.08,7,3980
電梯大樓,9.4,14,34.45,7,3280
公寓,14.1,5,26.34,6,1400
電梯大樓,8.9,6,39.49,7,2580
公寓,33.8,5,30.39,7,1080
電梯大樓,21.8,22,28.93,7,3480
電梯大樓,20.3,7,30.27,8,4980
公寓,31.6,5,32.27,7,2280
公寓,31.8,5,32.94,7,1480
公寓,36.1,5,36.48,8,1130
透天厝,23.4,2,43.76,6,3566
電梯大樓,2,11,15.51,2,3000
電梯大樓,36.8,7,34.89,7,2230
電梯大樓,22.8,14,22.25,7,2188
電梯大樓,2.7,10,16.54,4,3980
電梯大樓,4.7,12,42.16,7,3980
電梯大樓,4.7,13,34.54,8,4600
電梯大樓,38.4,12,17.66,6,1280
電梯大樓,23.7,7,42.99,3,5920
電梯大樓,4.6,14,40.75,7,5480
電梯大樓,12.1,12,35.67,8,4380
公寓,36.1,5,32.84,6,1298
公寓,43,3,26.51,7,1680
電梯大樓,1.8,19,18.61,5,1698
公寓,42.4,4,31.1,7,1520
電梯大樓,9.6,29,40,8,3980
電梯大樓,16.9,12,19.21,5,1580
公寓,39.8,4,29.08,6,1480
電梯大樓,2.5,5,25.12,6,3480
電梯大樓,9.1,13,16.18,5,1580
公寓,34.5,5,29.82,7,1780
電梯大樓,7.6,8,19.52,5,1650
電梯大樓,4.9,13,38.36,7,3150
公寓,26.9,5,24.94,11,2980
電梯大樓,1.2,11,15.11,3,1800
電梯大樓,24.7,16,22.87,7,1880
電梯大樓,5.1,14,52.41,10,6605
電梯大樓,18.5,12,25.42,7,2300
公寓,48.3,3,33.2,12,4880
公寓,38.2,5,35.76,7,1980
電梯大樓,12.4,8,23.91,7,3380
電梯大樓,32,12,35.34,8,2580
電梯大樓,10.7,13,12.5,2,2580
公寓,37,4,26.78,8,1770
電梯大樓,3.3,14,38.95,7,5950
電梯大樓,20.1,7,25.12,6.5,2088
電梯大樓,31,10,70.24,8,3980
電梯大樓,8.3,13,7.14,2,1180
公寓,50.8,4,32.93,7,2800
電梯大樓,6.6,10,15.12,4,1600
公寓,33.4,5,29.62,7,1580
公寓,34.6,4,25.1,6,1280
公寓,34.2,5,33.62,6,2050
電梯大樓,2.4,6,9.03,3,2300
電梯大樓,38.3,13,42.98,5,7856
公寓,45.6,5,38.63,9,1988
電梯大樓,5.4,13,42.47,8,4780
電梯大樓,4.6,14,47.78,7,11580
電梯大樓,7.9,7,5.96,3,1230
電梯大樓,18.2,10,50.55,7,12498
電梯大樓,1.2,15,22.09,5,2300
電梯大樓,5.3,15,42.91,7,5788
電梯大樓,8.4,15,28.35,6,6980
電梯大樓,7.3,18,45.04,8,7780
電梯大樓,7.3,18,32.23,7,6180
公寓,49.8,4,30.75,2,3788
公寓,48.8,4,21.78,10,1968
電梯大樓,32.1,12,43.31,8,3950
電梯大樓,17.8,13,8.2,3,1038
公寓,47.5,4,13.79,4,2488
公寓,33.3,5,36.5,10,2250
公寓,47.7,4,29.45,8,3999
公寓,40.5,4,32.65,5,2680
電梯大樓,2.2,10,25.2,2,3780
電梯大樓,5.1,12,54.12,1,5960
公寓,36.9,5,25.81,5,2300
電梯大樓,12.8,10,14.22,4,1880
電梯大樓,25.2,11,11.6,3,975
電梯大樓,17,8,23.85,1,4680
公寓,39.1,5,28.83,6,1680
電梯大樓,17.6,10,14.5,4,1680
電梯大樓,15.9,9,64.24,7,13880
電梯大樓,7.1,12,16.48,5,3480
電梯大樓,9.3,12,11.05,2,1980
電梯大樓,0.6,12,10.9,3,2200
公寓,42.3,4,27.38,7,1820
公寓,31.1,5,32.65,7,1360
電梯大樓,31.9,6,28.12,7,2580
電梯大樓,6.8,7,13.43,2,2580
電梯大樓,9.5,19,9.61,3,2350
電梯大樓,12.6,14,14.44,4,2080
電梯大樓,44.6,6,47.46,9,3980
電梯大樓,32.7,7,33.76,7,2980
電梯大樓,33.4,12,10.97,2,830
電梯大樓,43.9,6,25.08,7.5,2188
電梯大樓,3.1,7,23.9,7,6388
公寓,49.6,4,16.06,1,4380
電梯大樓,42.5,12,32.03,5,5850
電梯大樓,32.8,14,44.22,5,3980
電梯大樓,4.4,5,12.05,5,1580
公寓,34.5,5,27.76,7,1180
電梯大樓,0.7,17,33.86,7,4880
電梯大樓,33.1,15,23.85,7,2025
電梯大樓,42.2,16,11.53,3,1628
公寓,36.4,5,28.13,8,1498
電梯大樓,4.5,15,28.3,7,3960
電梯大樓,40.5,7,35.59,8,3580
電梯大樓,18.7,13,20.14,7,1780
電梯大樓,6.6,18,41.87,5,8750
公寓,39.5,5,36.48,7,2000
電梯大樓,6.2,11,23.21,5,2393
電梯大樓,21.6,14,25.97,7,2188
電梯大樓,11,14,15.31,3,1998
別墅,15,4,74.46,10,4050
電梯大樓,8.6,15,10.17,4,1999
電梯大樓,6.8,7,33.4,7.5,3380
公寓,34.1,5,23.3,7,1638
電梯大樓,9.2,13,18.37,5,2188
電梯大樓,34.1,7,27.73,7,2500
電梯大樓,17.1,5,27.34,7,4450
電梯大樓,4.6,14,36.81,7,4688
公寓,32.1,5,29.45,7,1550
電梯大樓,2.4,7,6.33,3,1250
電梯大樓,8.6,7,5.85,2,1286
電梯大樓,5.1,10,15.87,5,2580
電梯大樓,33.4,7,25.28,6,1968
電梯大樓,3.8,7,24.49,7,4288
公寓,37.3,5,26.57,6,2480
別墅,39.3,2,58.81,9,16000
電梯大樓,21.6,16,17.45,5,1888
電梯大樓,26.9,9,48.03,4,4200
電梯大樓,15.8,10,9.48,3,1270
電梯大樓,15.3,11,40.96,7,4650
電梯大樓,9.1,11,10.59,1,1420
電梯大樓,10.6,14,26.36,7,4150
公寓,28.8,5,27.13,7,1880
電梯大樓,31.3,13,10.45,2,1580
電梯大樓,9.4,8,8.68,3,1198
電梯大樓,35.8,7,14.78,5,1768
電梯大樓,8.2,5,13.7,4,3480
電梯大樓,23.6,12,10.07,3,798
電梯大樓,25.6,15,32.72,7,2668
電梯大樓,6.7,5,17.98,5,1960
公寓,33.4,5,29.11,6.5,1680
電梯大樓,23.3,7,14.48,4,1080
電梯大樓,19,8,11.28,4,1199
電梯大樓,3.1,10,27.98,7,3588
電梯大樓,29.5,6,8.35,3,1298
電梯大樓,40.5,7,38.94,7,4800
電梯大樓,38.9,12,42.1,8,6280
公寓,36.7,5,18.29,9,1880
電梯大樓,31.9,6,34.07,8,6654
電梯大樓,31.3,15,14.16,4,1660
電梯大樓,9.4,8,10.3,5,1380
透天厝,51,3,49.09,12,11688
公寓,51.7,3,21.05,3,3600
電梯大樓,7.8,19,58.01,6,11170
電梯大樓,33,10,22.2,6,2080
電梯大樓,40,12,33.98,8,5388
公寓,33.8,5,22.66,6,998
電梯大樓,14.5,8,25.49,7,1480
電梯大樓,2.1,15,42.8,8,4550
電梯大樓,3.5,19,75.78,8,14800
電梯大樓,22.4,11,16.8,4,1150
電梯大樓,7.3,18,21.1,6,3900
電梯大樓,6.9,14,38.82,7,8650
電梯大樓,19.6,9,18.08,5,1188
電梯大樓,25.2,11,19.06,4,1350
公寓,28.4,5,28.38,7,2450
電梯大樓,39.2,7,14.33,3,996
電梯大樓,10.9,9,7.61,3,1180
電梯大樓,24.2,14,42.58,8,2780
電梯大樓,9.1,15,20.02,5,2288
公寓,37.4,4,28.7,6,2200
電梯大樓,1.2,26,23.6,7,2950
電梯大樓,2.9,13,28.63,7,2580
電梯大樓,16.7,10,18,4,1388
公寓,43,4,28.12,6,898
公寓,31.2,5,32.91,7,3800
公寓,33.2,5,31.17,6,1980
電梯大樓,8.1,7,9.15,3,1138
電梯大樓,6.6,14,32.63,7,2880
透天厝,49.9,2,39.46,16,3688
電梯大樓,11,15,35.77,2,6900
電梯大樓,7.5,5,43.79,1,5600
電梯大樓,2.8,7,23.78,7,2350
公寓,40.7,4,35.47,7,1880
電梯大樓,8,7,23.8,6,4270
電梯大樓,21.2,5,9.01,1,1310
別墅,19.8,4,66.62,11,9350
電梯大樓,18.9,19,45.55,6,3988
公寓,41.9,4,31.13,7,1550
電梯大樓,1.8,5,17.71,5,3180
電梯大樓,7.4,14,32.46,5,3980
電梯大樓,5.5,6,22.49,6,3980
電梯大樓,29.5,7,76.62,2,4510
透天厝,49.3,2,35.1,8,3488
公寓,32.5,5,35.77,7,1880
公寓,39.5,4,29.04,7,2180
公寓,32.8,5,33.13,6.5,1380
電梯大樓,6,13,16.72,5,2590
電梯大樓,5.1,10,34.51,7,3888
電梯大樓,6.5,22,34.13,8,4888
公寓,33.3,5,29.58,7,1188
公寓,34.5,5,41.4,8,2400
電梯大樓,3.9,13,49.77,8,7300
電梯大樓,8.3,7,34.63,6,4288
電梯大樓,12.5,11,7.3,2,1552
電梯大樓,1.7,12,14.16,3,1190
電梯大樓,37.3,7,45.08,8,3370
電梯大樓,22.6,9,21.66,5,1710
公寓,41.5,4,35.66,6,3460
電梯大樓,38.3,12,19.09,4,1260
電梯大樓,38.6,11,10.97,4,980
公寓,36.9,5,37.92,7,1880
公寓,34,5,28.51,7,1480
電梯大樓,41.2,12,8.59,3,1200
電梯大樓,25.5,6,8.68,3,699
電梯大樓,33.9,7,49.87,7,5288
電梯大樓,22.6,8,8.5,2,950
透天厝,34.1,3,40.77,7,8480
公寓,38,6,21.03,3,3980
電梯大樓,14.4,14,7.52,4,835
電梯大樓,9.7,15,42.21,7,6580
電梯大樓,19.2,13,27.83,6,5500
公寓,33.9,5,36.27,7,1798
電梯大樓,10.6,14,35.47,2,11500
公寓,36.4,5,32.79,7,1635
電梯大樓,4.6,14,21.61,6,3980
電梯大樓,9.4,15,28.15,7,3280
公寓,33.8,4,26.53,7,1390
電梯大樓,10.7,5,47.51,7,6668
公寓,35,5,25.93,8,1780
電梯大樓,1.5,15,10.83,3,1650
電梯大樓,26.6,5,19.17,5,1868
公寓,49.5,4,31.63,7,1988
公寓,34.7,5,10.74,1,1680
電梯大樓,18.5,12,26.06,7,2380
電梯大樓,8.3,7,17.01,5,2160
公寓,35,5,35.31,7,1680
電梯大樓,37.4,9,25.56,3,3980
電梯大樓,7.5,14,23.87,6,2999
電梯大樓,8.4,9,21.92,5,2083
電梯大樓,8.3,7,33.41,9,4295
電梯大樓,4.2,12,16.59,5,2680
電梯大樓,21.9,12,28.2,7,3088
電梯大樓,35.8,11,9.96,5,860
公寓,33.7,5,46.28,8,2900
電梯大樓,6.1,14,31.76,7,2920
電梯大樓,5.7,19,84.54,10,21100
電梯大樓,10.5,7,12.63,3,2188
電梯大樓,17,12,25.93,7,2699
電梯大樓,35.5,7,25.01,2,1688
電梯大樓,5.5,9,13.09,3,1963
電梯大樓,30.6,18,22.47,5,2770
公寓,35.9,5,25.61,6,2535
電梯大樓,3.8,14,14.71,1,2600
電梯大樓,45.1,11,142.51,5,11400
電梯大樓,24.8,6,7.9,3,780
電梯大樓,9.4,13,14.12,4,1880
公寓,42.8,5,48.41,5,6650
電梯大樓,20.6,11,15.83,4,1920
電梯大樓,39.5,9,20.98,4,1398
電梯大樓,3.7,7,14.4,3,2068
電梯大樓,7.4,14,17.46,5,2688
電梯大樓,9.5,12,7.79,3,1298
電梯大樓,32.6,12,14.76,3,1320
電梯大樓,9.5,7,9.4,2,999
電梯大樓,17.6,6,9.16,3,880
透天厝,50.1,4,39.89,11,3980
電梯大樓,4.5,16,77.6,6,16500
公寓,36.5,5,27.46,5,2600
電梯大樓,35.5,21,66.19,8,9980
電梯大樓,35.5,7,51.89,1,4500
電梯大樓,37.5,7,44.61,8,3980
公寓,45,4,17.86,1,2480
公寓,36.3,4,27.66,6,1580
電梯大樓,45.6,14,47.07,5,4580
電梯大樓,35.5,12,4.25,1,1150
電梯大樓,4.8,12,32.52,7,5200
電梯大樓,2.6,5,18.09,4,1800
電梯大樓,0.7,5,27.54,8,5440
公寓,53.4,4,29.7,8,2768
電梯大樓,9.2,11,41.51,7,4750
電梯大樓,8.5,15,4.81,3,595
電梯大樓,40.5,12,17.19,1,1800
電梯大樓,8.8,14,30.75,7,4680
公寓,49.8,4,38.42,6,2788
公寓,39.8,5,29.67,8,3980
電梯大樓,25.5,12,28.39,5,3073
電梯大樓,12.5,11,9.45,3,1780
電梯大樓,37.5,15,37.96,8,3200
公寓,44.9,4,26.1,2,6500
電梯大樓,38,14,15.77,7,2180
電梯大樓,21.5,13,7.48,3,880
公寓,34,5,22.8,1,1230
電梯大樓,36.1,7,78.09,17,5980
電梯大樓,9.2,9,17.58,1.5,3300
公寓,52.2,4,37.09,7,3688
電梯大樓,9.2,12,31.16,2,2668
公寓,39.6,4,31.88,6,1680
電梯大樓,23.3,5,31.87,3,6900
電梯大樓,8.6,14,16.24,5,1930
電梯大樓,17.9,12,64.6,11,14288
電梯大樓,32.1,19,12.82,1,1247
電梯大樓,17.6,9,24.42,7,3850
電梯大樓,38.6,7,39.49,4,3500
公寓,37.2,5,35.31,7,2980
電梯大樓,29.1,15,8.85,2,830
電梯大樓,32.1,19,22.26,6,2288
電梯大樓,2.4,26,40.57,8,4380
公寓,37,5,31.52,6,1420
電梯大樓,38.6,10,9.11,2,650
電梯大樓,15.4,10,38.2,8,3820
電梯大樓,16.2,14,42.46,8,3880
公寓,29,3,31.88,7,2680
公寓,18.2,3,20.56,5,998
電梯大樓,2.6,14,16.22,5,2380
電梯大樓,2.3,11,7.81,3,1100
公寓,42.2,5,15.02,5,800
電梯大樓,15.2,12,11,3,1150
公寓,34.5,4,27.27,10,1180
公寓,36.1,5,29.55,6,1560
公寓,41,4,21.62,5,1400
電梯大樓,17.7,12,13.77,2,1490
公寓,40.7,4,24.79,6,1350
公寓,40.2,4,29.76,6.5,1398
電梯大樓,9.7,21,40.03,7,4780
電梯大樓,6.9,7,27.74,7,2366
公寓,38.6,5,30.24,7,1700
電梯大樓,2.4,7,7.32,2,1720
電梯大樓,23.7,12,45.2,7,2470
電梯大樓,6.4,19,33.98,8,3268
公寓,32.7,5,27.41,10,1199
電梯大樓,22.1,8,29.42,5.5,1980
電梯大樓,34.8,7,75.83,5,9800
透天厝,23.6,4,57.58,14,3380
電梯大樓,9.4,15,24.66,7,2680
電梯大樓,7.8,19,52.25,3,9999
電梯大樓,26.2,9,36.04,6.5,1650
電梯大樓,21.6,16,34.38,10,2988
電梯大樓,3.1,26,37.65,8,3450
電梯大樓,41,7,31.71,3,2588
公寓,40.6,5,33.09,10,2568
公寓,33.5,5,24.19,7,1280
電梯大樓,6.8,18,9.33,3,1460
電梯大樓,40,10,29.59,2,2688
電梯大樓,9.5,10,29.4,7,3380
電梯大樓,9.5,7,5.44,2,750
電梯大樓,8.6,7,5.28,3,1330
電梯大樓,40.6,7,47.3,9,2800
電梯大樓,33.9,7,16.28,1,9500
電梯大樓,41,12,6.88,3,710
電梯大樓,9.5,7,9.83,3,1130
電梯大樓,9.8,13,5.94,3,1100
電梯大樓,6.8,18,11.98,3,1820
電梯大樓,7.1,15,34.54,7,6600
電梯大樓,7.3,13,6.37,3,1398
電梯大樓,5.8,16,41.72,7,6280
電梯大樓,35,14,38.48,2,3500
電梯大樓,11.5,5,6.97,2,1150
電梯大樓,7.3,13,8.39,3,1380
電梯大樓,29.5,12,13.15,4,1520
電梯大樓,26.2,20,73.12,8,16800
透天厝,51.7,2,38.73,6,5660
電梯大樓,3,7,16.91,2,2280
電梯大樓,5.8,14,54.41,4,15500
電梯大樓,1.4,19,49.25,8,9859
電梯大樓,19.1,12,28.53,7,4388
電梯大樓,33.9,7,20.65,6,1250
電梯大樓,38.7,14,7.85,3,550
電梯大樓,20.6,15,40.45,2,7988
電梯大樓,21.2,6,8.29,3,798
電梯大樓,9.7,24,43.99,7,7380
電梯大樓,1.1,15,19.42,6,2880
透天厝,40.2,2,44,7,7800
電梯大樓,9.9,13,54.77,8,12988
公寓,39,5,32.66,8,1645
電梯大樓,6.8,18,9.39,3,1980
電梯大樓,40.1,11,54.8,5,14800
電梯大樓,2.4,7,7.32,2,1518
電梯大樓,39.5,7,24.83,5,1580
公寓,36.4,5,46.96,8,5300
電梯大樓,8.2,5,45.99,8,4380
電梯大樓,8.6,7,30.72,8,3500
電梯大樓,37.4,7,34.59,7,4688
電梯大樓,33.9,6,21.4,6,2250
電梯大樓,2.9,12,21.18,6,2180
電梯大樓,6.2,5,22.26,1,3200
電梯大樓,44.7,7,42.92,7,5090
電梯大樓,41.5,4,15.26,3,1380
電梯大樓,5.2,9,14.13,6,3580
電梯大樓,28.8,12,19.42,2,9800
電梯大樓,34.3,14,33.08,7,1980
電梯大樓,1.7,9,11.62,3,1680
公寓,37.6,5,28.24,6,1180
電梯大樓,8,14,9.15,2,1230
電梯大樓,19.7,9,31.14,7,3888
公寓,40.1,4,31.87,7,1688
電梯大樓,35,12,13.88,4,1498
透天厝,51.5,4,91.54,21,9888
電梯大樓,37.8,6,8.9,1,788
公寓,28.6,5,47.81,8,3300
公寓,30.9,5,29.39,4,2580
電梯大樓,1.7,11,10.05,3,2550
電梯大樓,30.4,14,31.69,5,6180
電梯大樓,38.9,7,50.5,9,5500
公寓,47.5,4,26.26,6,2100
電梯大樓,37.8,7,10.94,3,1200
電梯大樓,9.7,10,28.61,7,2380
透天厝,37.6,3,39.69,8,2880
電梯大樓,7.7,4,44.25,8,3880
電梯大樓,7.8,9,18.05,5,1988
電梯大樓,8.6,10,9.01,3,1280
別墅,31.5,3,55.88,11,6990
別墅,11.5,4,84.01,10,5288
電梯大樓,7.9,7,8.28,3,1980
電梯大樓,4.8,15,28.26,6,2980
電梯大樓,21.2,21,96.82,12,16999
公寓,31.6,5,26.99,6,1280
電梯大樓,4.8,14,29.98,8,3150
電梯大樓,4.6,10,33.06,7,2860
電梯大樓,25.8,15,35.87,7,7680
電梯大樓,26.4,6,8.35,3,1380
公寓,40.4,5,24.61,7,1730
電梯大樓,3.4,15,20.92,5,2580
公寓,47.1,4,27.17,6,2350
電梯大樓,2.6,5,25.53,7,2480
公寓,40.5,4,32.68,6,2650
電梯大樓,38.5,17,17.74,2,2388
電梯大樓,32.5,12,17.81,2,5968
電梯大樓,3.7,7,12.83,3,3988
電梯大樓,8.7,12,18.28,6,6188
電梯大樓,39.1,12,20.12,6,2990
公寓,50.5,4,30.1,11,3500
電梯大樓,33.7,12,52.69,3,5800
電梯大樓,36.4,7,47.81,8,3820
電梯大樓,34.6,11,20.25,2,2500
電梯大樓,32.1,19,23.2,6,2498
電梯大樓,42,12,11.05,4,998
電梯大樓,44.5,11,94.01,6,6999
電梯大樓,21.5,6,12.52,5,1880
電梯大樓,37.8,7,34.06,6,11660
電梯大樓,30.4,7,53.32,7,3668
電梯大樓,31.3,12,29.66,7,2680
電梯大樓,1.6,9,16.45,4,3150
公寓,49,4,24.6,7,1490
電梯大樓,34.4,12,45.3,3,2400
電梯大樓,5,10,10.06,3,2000
公寓,44.2,4,32.11,8,2560
電梯大樓,26.8,5,9,4,1160
電梯大樓,18.2,14,4.17,1,780
電梯大樓,9.3,7,15.57,4,2180
公寓,38,7,38.59,10,6700
電梯大樓,32.6,12,16.57,2,1314
電梯大樓,35.8,12,22.72,4,2380
電梯大樓,22.6,8,9.31,2,980
電梯大樓,39.6,7,45.95,13,3480
公寓,30.5,4,14.89,6,2088
電梯大樓,3.5,11,18.76,3,2600
電梯大樓,7.4,14,8.51,2,1298
公寓,44.6,4,31.67,8,2480
公寓,16.6,5,18.58,5,2450
電梯大樓,9.8,7,9.79,2,1490
電梯大樓,15.6,14,15.74,4,2500
電梯大樓,0.7,17,36.85,8,5500
公寓,45.2,5,34.61,8,2100
電梯大樓,24.5,9,16.53,4,1788
電梯大樓,3,14,36.26,8,4588
電梯大樓,1.9,14,42.02,7,4980
電梯大樓,9.5,12,9.42,2,1588
電梯大樓,2.6,15,41.82,7,7380
電梯大樓,3.1,7,37.73,7,3930
電梯大樓,6,14,59.58,7,11150
電梯大樓,10,10,24.71,7,2850
電梯大樓,2.4,9,35.81,7,4980
電梯大樓,16.3,14,14.13,4,2238
電梯大樓,2.7,15,16.54,4,2525
透天厝,50.5,5,86.26,13,14500
電梯大樓,18.4,12,145.81,13,15888
電梯大樓,3.6,7,17.63,6,3650
電梯大樓,22.8,10,7.25,3,745
公寓,39.6,5,25.35,4,3380
電梯大樓,23.5,13,32.1,7,3900
電梯大樓,4,13,31.5,7,5400
電梯大樓,26.9,5,12.55,3,1360
電梯大樓,8.5,13,94.78,3,18000
電梯大樓,26.4,7,68.13,4,5698
電梯大樓,9.6,14,7.63,2,1298
電梯大樓,30,7,8.4,3,1150
公寓,44.1,4,24.38,5,1980
公寓,44.9,4,26.1,2,6500
電梯大樓,1.2,14,117.85,1,32000
電梯大樓,21.5,6,6.18,2,790
電梯大樓,4.5,11,53.35,10,6980
電梯大樓,22.5,11,29.91,6,2980
公寓,33.9,5,24.33,5,1368
電梯大樓,14.6,15,7.26,2,1125
電梯大樓,37.1,12,66.14,1,6988
公寓,51.6,3,21.44,6,2010
電梯大樓,9.4,13,8.25,3,1680
公寓,37.7,4,28.31,6.5,2800
電梯大樓,1.1,6,21.17,5,3668
公寓,28.8,5,31.13,7,2350
公寓,40.8,4,25.66,6,1780
公寓,40.4,4,36.25,8,2488
電梯大樓,27.4,17,42.15,8,6500
電梯大樓,7.6,12,8.36,3,1980
電梯大樓,33.5,12,25.16,6,3088
電梯大樓,29.7,12,39.12,7,3150
公寓,35.5,5,46.7,9,6800
電梯大樓,7.2,13,12.05,3,1650
電梯大樓,16.6,12,122.81,9,12000
電梯大樓,5.6,11,42.21,8,5550
電梯大樓,32.3,7,32.63,7,2660
電梯大樓,32.5,7,14.56,7,1780
電梯大樓,35.4,12,19.11,4,1520
電梯大樓,32.1,19,22.17,5,2338
電梯大樓,33.2,12,31.85,2,2258
電梯大樓,3.5,10,43.43,7,6500
電梯大樓,13.4,19,36.76,6,6900
電梯大樓,16,11,38.06,8,6250
電梯大樓,18.8,14,20.54,5,2250
電梯大樓,38.7,14,7.85,3,550
電梯大樓,20.6,15,40.45,2,7988
電梯大樓,21.2,6,8.29,3,798
電梯大樓,9.7,24,43.99,7,7380
電梯大樓,1.1,15,19.42,6,2880
透天厝,40.2,2,44,7,7800
電梯大樓,9.9,13,54.77,8,12988
公寓,39,5,32.66,8,1645
電梯大樓,6.8,18,9.39,3,1980
電梯大樓,40.1,11,54.8,5,14800
電梯大樓,2.4,7,7.32,2,1518
電梯大樓,39.5,7,24.83,5,1580
公寓,36.4,5,46.96,8,5300
電梯大樓,8.2,5,45.99,8,4380
電梯大樓,8.6,7,30.72,8,3500
電梯大樓,37.4,7,34.59,7,4688
電梯大樓,33.9,6,21.4,6,2250
電梯大樓,2.9,12,21.18,6,2180
電梯大樓,6.2,5,22.26,1,3200
電梯大樓,20.5,5,9.13,3,1099
電梯大樓,35.5,7,43.09,2,10800
電梯大樓,32.6,10,52.24,7,8980
公寓,50.2,4,40.08,7,6980
電梯大樓,4.5,19,55.67,8,13580
電梯大樓,10,10,7.25,3,1238
電梯大樓,34.5,7,32.14,9,5480
電梯大樓,29.2,12,14.59,5,2108
電梯大樓,40.5,12,28.46,7,3198
電梯大樓,20.9,10,87.21,4,10000
電梯大樓,36.4,7,33.38,8,3490
電梯大樓,41,6,39.54,8,4100
電梯大樓,38.5,14,40.09,7,5380
電梯大樓,27.7,21,49.65,7,6800
電梯大樓,35.4,7,36.07,7,3050
電梯大樓,38.4,7,29.82,7,2500
電梯大樓,36.4,7,34.51,5,9600
電梯大樓,27.9,25,114.56,12,17200
電梯大樓,34.5,12,10.04,3,1530
電梯大樓,10,13,9.1,4,1980
電梯大樓,21.5,6,5.08,2,750
電梯大樓,8.9,6,4.61,2,710
電梯大樓,35.5,16,44.41,4,4680
公寓,36.7,5,29.41,6,1560
電梯大樓,6.2,12,27.03,6,3880
電梯大樓,7.3,15,46.3,8,6388
電梯大樓,40,12,49.88,3,6200
電梯大樓,20.5,5,41.2,7,2680
電梯大樓,5.4,7,10.96,4,2380
電梯大樓,20.9,16,34.55,8,2650
電梯大樓,7.4,19,53.62,9,8650
電梯大樓,36.3,12,36.34,7,3260
電梯大樓,6.6,10,17.65,2,1780
電梯大樓,32.5,12,33.13,7,4388
電梯大樓,7.3,11,16.45,6,3568
電梯大樓,4.7,12,42.16,7,3800
電梯大樓,2.2,12,27.05,7,3120
電梯大樓,3.7,7,19.17,5,2578
電梯大樓,3.6,11,56.99,2,6500
電梯大樓,23.4,5,12.05,3,1450
透天厝,56.5,2,19.53,6,1800
電梯大樓,11.4,11,11.4,4,1950
電梯大樓,29.5,8,7.76,2,738
電梯大樓,11,15,40.2,8,3800
公寓,37.1,5,32.05,7,1753
電梯大樓,2.2,33,37.35,8.5,4700
電梯大樓,6.6,14,32.2,7,2780
電梯大樓,6.9,7,20.3,6,1998
電梯大樓,2.8,7,29.26,8,2700
電梯大樓,1.4,12,19.35,5,1680
電梯大樓,36.6,7,39.36,7,2798
電梯大樓,42.9,9,240.13,62,16500
公寓,31.4,5,38.24,7,2980
電梯大樓,21.9,6,19.28,3,1280
電梯大樓,6.6,15,28.34,7,2990
電梯大樓,3.1,11,32.44,7,3180
電梯大樓,32.2,9,14.03,4,1370
電梯大樓,40.2,11,37.18,8,2350
電梯大樓,2.4,26,39.28,8,4988
電梯大樓,5.4,5,19.38,5,1890
電梯大樓,6.4,5,17.81,6,3980
電梯大樓,31,7,29.18,7,3080
電梯大樓,25.4,5,8.61,3,550
電梯大樓,1.4,19,50.06,8,9888
電梯大樓,19,24,28.3,7,3588
電梯大樓,4.8,20,49.97,9,8300
公寓,52.3,4,21.96,5,1598
公寓,34.9,5,32.33,7,1550
電梯大樓,32.2,6,27.88,9,2500
公寓,32.3,5,28.95,7,1180
電梯大樓,6.2,14,57.51,9,13300
電梯大樓,20.2,6,26.71,7,1450
公寓,33.9,5,28.01,6,1430
電梯大樓,1.9,14,60.56,7,7980
公寓,41.3,4,26.01,4,2280
電梯大樓,10,12,8.39,2,968
公寓,44.3,4,16.62,5.5,1550
電梯大樓,7.1,12,11.1,2,2150
電梯大樓,23.6,7,45.54,9,3500
公寓,43.6,4,29.75,6,2550
公寓,30.4,5,20.67,7,1350
電梯大樓,3.1,13,46.21,8,8900
電梯大樓,2.9,9,26.64,7,5680
電梯大樓,6.7,15,18.93,5,2380
電梯大樓,22.5,10,33.42,7,2460
電梯大樓,8.5,13,8.98,2,699
電梯大樓,9.5,11,47.36,8,8500
公寓,40.5,5,19.06,5,1198
公寓,44.5,4,33.39,6,5888
電梯大樓,10.8,9,21.5,7,1680
電梯大樓,20.1,16,47.69,7,3700
電梯大樓,28,12,15.08,4,1700
公寓,33.9,5,29.13,6,2290
電梯大樓,36.7,12,44.18,8,4980
電梯大樓,4.8,14,40.58,8,3380
電梯大樓,5.9,10,12.86,4,1380
電梯大樓,10.1,7,17,5,1318
電梯大樓,32.7,7,31.92,7,1790
公寓,37.4,5,25.75,7,1978
電梯大樓,34.1,8,35.82,11,5500
電梯大樓,10.4,12,23.49,7,2668
電梯大樓,1.2,15,37.25,8,4680
電梯大樓,8.2,13,6.68,2,1191
電梯大樓,12.5,17,38.75,7,5558
電梯大樓,3.6,13,15.51,5,2580
公寓,40.3,4,34.4,4,1980
電梯大樓,1.9,14,16.34,4,2330
電梯大樓,7.9,12,53.54,6,12998
電梯大樓,19.7,30,47.67,5,5500
電梯大樓,34.4,12,29.84,7,2930
公寓,28.8,5,36.94,7,2980
電梯大樓,5.3,11,20.83,6.5,2598
電梯大樓,23.2,13,4.97,1,515
公寓,29.1,5,30.69,7,2380
公寓,43.8,4,38.25,10,2480
公寓,50.1,4,30.85,3,8500
電梯大樓,6.8,5,21.48,7,1988
電梯大樓,3.4,11,28.17,7,5400
公寓,41.3,4,20.81,5,930
透天厝,60.7,1,15.43,3,8200
電梯大樓,10.9,15,36.27,8,3688
公寓,38.1,4,29.39,6,1080
公寓,36.9,5,36.68,7,2180
電梯大樓,20.3,10,22.85,3,1369
電梯大樓,9.2,13,9.04,2,1508
公寓,38.5,5,34.86,7,2280
公寓,32,5,31.78,8,1658
公寓,47.8,3,14.66,7,1580
電梯大樓,9.6,14,8.26,2,798
電梯大樓,14.8,8,35.91,7,3150
電梯大樓,8.7,15,22.44,6,3988
電梯大樓,33.5,10,14.63,1,6500
電梯大樓,7.1,14,37.08,8,6800
電梯大樓,27.1,10,40.25,5,2680
電梯大樓,21.9,12,30.13,7,3880
電梯大樓,35,12,22.88,6,1448
公寓,33.9,5,32.74,7,1680
電梯大樓,16.6,12,133.05,1,13500
電梯大樓,17.9,14,38.1,6,4988
公寓,41.4,4,32.14,6,2240
公寓,32.7,5,25.05,7,1480
電梯大樓,7.5,12,38.94,7,4580
電梯大樓,22.7,10,10.93,2,888
公寓,36,5,29.31,6,1580
電梯大樓,7.7,24,45.59,8,9168
別墅,8.1,3,44.53,8,4988
電梯大樓,3.6,13,16.64,4,2450
電梯大樓,6.9,15,88.15,4,22300
電梯大樓,28.4,7,115.64,3,32500
電梯大樓,32.9,7,30.26,7,2800
電梯大樓,3.6,13,16.64,6,2598
電梯大樓,8,11,26.03,4,3880
電梯大樓,3.9,14,36.88,8,4468
電梯大樓,40.3,12,16.59,5,1980
公寓,39.7,5,19.72,6,1288
電梯大樓,3,23,52,8,7083
公寓,42.8,4,43.57,8,1798
電梯大樓,33.7,7,23.81,1,4800
電梯大樓,7.3,13,8.97,2,1422
公寓,41,5,33.67,10,3300
電梯大樓,3.5,18,29.88,7,3788
電梯大樓,9.5,7,9.43,3,1180
別墅,40.7,2,41.8,6,6980
電梯大樓,4.7,12,42.14,8,4288
電梯大樓,34.8,11,9.3,3,600
電梯大樓,40.3,14,15.99,5,1800
電梯大樓,12.7,11,7.72,3,730
電梯大樓,6.5,14,8.14,2,1388
電梯大樓,23.6,5,6.86,2,858
電梯大樓,21,16,20.82,4,1798
公寓,36,5,39.5,7,3680
電梯大樓,0.7,10,58.03,5,11752
電梯大樓,37,12,5.96,2,390
電梯大樓,25,16,72.42,9.5,4280
電梯大樓,36.8,7,33.37,7,2680
電梯大樓,35.3,7,30.83,6,3680
電梯大樓,7.7,7,46.91,8,11500
公寓,32.7,6,17.85,3,1328
電梯大樓,10.2,6,8.52,3,1688
電梯大樓,6.1,15,38.73,8,4680
電梯大樓,34.5,12,12.22,4,1980
電梯大樓,31.1,7,11.3,4,1680
電梯大樓,8.7,12,12.92,3,3380
電梯大樓,29.5,15,11.39,1,1500
電梯大樓,35.1,12,42.91,7,5888
電梯大樓,38,7,37.34,10,4200
電梯大樓,27.5,12,6.85,2,748
電梯大樓,5.2,6,43.08,7,12390
電梯大樓,2.8,13,31.23,7,3688
電梯大樓,31.2,15,33.14,7,4950
公寓,46.3,4,32.66,2,9900
電梯大樓,28.3,12,19.71,2,2980
電梯大樓,32.8,7,33.67,7,4088
電梯大樓,37.9,7,39.05,8,4200
公寓,42.7,4,38.7,8,2980
電梯大樓,28.6,8,35.47,6,2798
電梯大樓,31,12,29.85,7,2000
公寓,42.1,4,23.82,6,888
電梯大樓,8.6,7,21.68,6,3368
電梯大樓,31.3,7,12.2,3,1350
電梯大樓,11.6,13,16.69,5,1350
公寓,40.1,4,28.98,8,1680
別墅,50.5,2,96.26,12,16800
公寓,48.6,4,29.12,7,2600
電梯大樓,32.7,17,32.89,6,3180
公寓,43.9,4,38.66,7,2388
電梯大樓,4.8,13,54.75,8,15800
電梯大樓,9.9,7,33.53,7,2880
電梯大樓,1.3,5,12.44,2,1380
公寓,38.4,5,23.29,1,5500
電梯大樓,8.1,14,35.25,7,6800
電梯大樓,38.4,7,9.31,3,950
公寓,48.5,3,16.11,4,1880
電梯大樓,26.7,8,36.82,8,2890
電梯大樓,40.6,12,28.01,2,7800
電梯大樓,29,5,7.17,3,698
電梯大樓,7.3,13,14.42,4,2296
電梯大樓,0.5,10,15.11,3,2990
電梯大樓,33.5,7,20.72,4,2180
透天厝,54.4,3,50.89,7,4800
電梯大樓,23.1,11,27.48,7,3550
公寓,50.4,4,46.04,8,3350
公寓,48.6,4,37.08,6,7200
公寓,31.1,5,32.11,7,1880
電梯大樓,20.6,11,21.82,6,2348
電梯大樓,3.6,31,43.39,7,8841
透天厝,41.2,3,64.84,9,5930
電梯大樓,10.4,12,14.81,3,2588
公寓,47.2,4,39.01,7,3480
電梯大樓,25.1,12,10,2,3998
電梯大樓,38.2,7,32.49,8,3480
電梯大樓,23.5,12,118.83,5,15000
電梯大樓,30.1,18,33.84,7,3788
電梯大樓,5.6,13,37.31,6,6990
電梯大樓,23.4,7,39.05,8,3880
電梯大樓,30.6,7,13.6,5,2288
電梯大樓,22.4,6,40.57,8,2850
公寓,32.1,5,36.86,3,3500
電梯大樓,33.8,12,10.85,3,700
電梯大樓,17.5,12,14.86,6,2200
電梯大樓,9.6,11,30.32,2,9026
公寓,45.5,4,22.99,8,1750
公寓,45,4,21.63,6,1760
電梯大樓,2.2,10,27.44,1,4100
電梯大樓,30,16,33.74,8,3830
電梯大樓,22.7,23,39.32,8,4980
電梯大樓,34,12,13.93,5,798
電梯大樓,34.8,7,32.7,7,3700
電梯大樓,0.9,25,41.3,8,9280
公寓,36.2,5,31.52,7,2300
電梯大樓,1.9,11,12.04,4,2580
公寓,32.7,5,32.43,7,1500
電梯大樓,14.8,14,8.69,3,1250
電梯大樓,8.7,7,14.85,4,3980
電梯大樓,38.1,7,41.76,8,4580
電梯大樓,2.7,13,28.77,7,3780
電梯大樓,42.3,12,43.31,2,4998
電梯大樓,34.4,11,8.76,3,698
電梯大樓,8.7,9,25.07,6,2980
電梯大樓,44.7,7,42.71,7,5680
電梯大樓,2.1,12,33.98,7,7680
電梯大樓,33.1,7,21.04,4,2968
電梯大樓,7.4,14,43.45,7,8866
電梯大樓,18.3,7,24.35,7,1688
電梯大樓,2.6,5,17.94,5,1850
電梯大樓,9.1,5,28.15,8,1998
公寓,41.8,4,27.4,2,2298
公寓,39.1,4,27.76,5,1350
電梯大樓,7.6,9,16.66,5,1800
電梯大樓,5.8,6,12.48,7,2180
公寓,37,5,35.04,7,1400
電梯大樓,3.5,11,19.07,5,2450
公寓,35.4,5,24.37,5,1150
電梯大樓,6.2,11,19.01,3,1750
電梯大樓,39.7,7,8.54,3,498
電梯大樓,7.6,14,9.09,2,1140
公寓,34.7,5,28.66,7,2100
公寓,52.7,4,26.15,2,8472
電梯大樓,30.7,12,25.62,6,2980
電梯大樓,35.5,7,43.61,6,4145
電梯大樓,3,7,18.18,3,3958
電梯大樓,39.6,14,19.88,3,2398
電梯大樓,39.8,7,17.67,5,2180
電梯大樓,7.1,13,18.03,5,2630
電梯大樓,29.5,15,5.54,1,920
電梯大樓,29.4,12,21.6,3,2980
公寓,50.6,4,8.15,3,930
電梯大樓,36.5,7,22.54,2,3680
公寓,27.9,5,29.31,7,2950
公寓,44.3,4,26.05,2,2450
公寓,37.6,5,14.26,4,1398
電梯大樓,28.1,12,37.08,7,4280
電梯大樓,20.2,6,26.71,7,1450
公寓,33.9,5,28.01,6,1430
電梯大樓,1.9,14,60.56,7,7980
公寓,41.3,4,26.01,4,2280
電梯大樓,10,12,8.39,2,968
公寓,44.3,4,16.62,5.5,1550
電梯大樓,7.1,12,11.1,2,2150
電梯大樓,23.6,7,45.54,9,3500
電梯大樓,5,14,54.97,8,8800
電梯大樓,3.1,26,74.54,12,8300
電梯大樓,20.8,5,15.92,2,2480
電梯大樓,2.1,15,43.91,8,4680
透天厝,39,2,30.78,6,2980
電梯大樓,24.3,6,33.6,7,3250
電梯大樓,16.7,12,29.61,7,3750
公寓,51.8,4,37.02,8,2880
電梯大樓,2,11,36.01,9,5380
電梯大樓,1.3,11,31.03,7,4700
公寓,32.8,5,31.72,7,1298
電梯大樓,9.4,8,8.68,3,1198
電梯大樓,35.8,7,14.78,5,1768
電梯大樓,8.2,5,13.7,4,3480
電梯大樓,23.6,12,10.07,3,798
電梯大樓,25.6,15,32.72,7,2668
電梯大樓,6.7,5,17.98,5,1960
公寓,33.4,5,29.11,6.5,1680
電梯大樓,23.3,7,14.48,4,1080
電梯大樓,19,8,11.28,4,1199
電梯大樓,3.1,10,27.98,7,3588
電梯大樓,29.5,6,8.35,3,1298
電梯大樓,40.5,7,38.94,7,4800
電梯大樓,38.9,12,42.1,8,6280
公寓,36.7,5,18.29,9,1880
電梯大樓,31.9,6,34.07,8,6654
電梯大樓,9.4,8,10.3,5,1380
公寓,34.7,5,34.47,8,1198
電梯大樓,40.1,7,110.02,4,21800
電梯大樓,40,7,50.65,10,4988
電梯大樓,8.4,8,17.39,5,3480
公寓,32.7,5,37.94,8,2980
電梯大樓,3,10,39.87,6,7980
電梯大樓,35,13,33.45,1,2968
電梯大樓,6.7,11,8.05,3,1360
電梯大樓,24.7,5,26.05,4,2760
電梯大樓,35.5,6,21.26,6,1350
電梯大樓,38.7,14,7.18,3,528
公寓,29.2,5,31.21,7,1780
電梯大樓,22.4,6,46.32,1,2220
公寓,33.5,5,42.74,5,4560
電梯大樓,7.7,15,33.98,8,4730
公寓,37.4,5,37.24,7,2280
電梯大樓,28.8,10,14.65,1,2880
公寓,40.4,5,32.35,6,2380
公寓,20.3,4,47.34,12,4088
電梯大樓,39.3,8,28.73,1,3500
公寓,49.5,3,24.68,7,1780
電梯大樓,30.4,15,35.34,8,2700
電梯大樓,8.8,7,8.07,2,880
電梯大樓,11.1,11,28.75,7,2988
電梯大樓,23.6,11,58.14,8,6280
公寓,43,4,35.29,7,2380
電梯大樓,3.1,7,24.84,6,2470
電梯大樓,21.8,5,47.69,10,2950
電梯大樓,6.1,10,24.11,7,2430
公寓,31.9,5,29.86,2,4500
電梯大樓,10.9,13,19.48,3,2800
電梯大樓,39.5,12,16.79,5,958
電梯大樓,24.9,5,17.45,5,1780
電梯大樓,3,23,50.64,8,7288
電梯大樓,34.7,12,34.7,7,3580
電梯大樓,40.3,12,29.6,8,2605
電梯大樓,32.8,7,36.54,4,3800
電梯大樓,6.2,15,35.83,7,4388
電梯大樓,8,19,24.86,6,5300
電梯大樓,11.7,11,9.72,2,1960
電梯大樓,3.5,18,29.88,7,3580
電梯大樓,10.1,14,22.49,6,3260
電梯大樓,1.3,5,12.81,3,1400
公寓,39.3,4,29.55,6,1566
電梯大樓,17.9,12,33.66,7,2320
電梯大樓,1.4,12,23.4,6,2180
公寓,32.8,5,24.68,7,1180
電梯大樓,3,24,37.31,8,3658
電梯大樓,1.4,12,23.5,7,2250
公寓,36.1,5,27.11,6,1360
電梯大樓,3.9,13,22.12,2,2700
電梯大樓,3.5,7,23.94,7,2288
公寓,35.2,5,22.79,6.5,1280
電梯大樓,6.7,14,15.31,5,2370
電梯大樓,9,14,40.65,7,4500
公寓,18.2,3,34,5,2088
電梯大樓,12,20,36.11,8,3680
公寓,36.3,5,44.1,9,2190
電梯大樓,11.2,13,13.6,3,1668
電梯大樓,12.3,14,36.94,8,3580
電梯大樓,20.1,16,43.35,8,2658
電梯大樓,18.7,7,18.44,4,2300
電梯大樓,21.4,9,8.05,2,1080
電梯大樓,3.8,14,12.98,1,2200
電梯大樓,4.2,14,90.86,1,28735
電梯大樓,8.9,9,8.44,2,1320
別墅,15.9,4,61.95,11,6988
電梯大樓,18.1,8,9.25,3,1038
電梯大樓,4.1,7,24.23,7,2749
電梯大樓,11.3,8,15.56,5,1780
電梯大樓,3.5,11,12.69,4,2180
電梯大樓,2.1,10,18.33,4,3480
電梯大樓,20.1,11,40.75,8,4680
電梯大樓,12.6,11,10.57,2,1650
公寓,30.6,5,34.85,6,2488
電梯大樓,4.1,8,49.33,8,6188
電梯大樓,8.7,11,14.85,1.5,1750
電梯大樓,8.7,5,13.88,3,1750
電梯大樓,3.7,13,35.91,7,4250
電梯大樓,39.7,12,17.82,4,2280
電梯大樓,4.8,7,11.45,3,2980
電梯大樓,28.1,11,33.63,8,1998
電梯大樓,8.7,9,19.99,4,2450
電梯大樓,6.7,7,75.28,11,11500
電梯大樓,13,9,25.39,7,2580
電梯大樓,8.1,5,67.98,10,7900
電梯大樓,22.8,10,14.2,2,1980
電梯大樓,39.4,11,27.96,4.5,2200
電梯大樓,30.3,12,31.47,8,2180
電梯大樓,3.1,15,29.67,8,3160
公寓,45.1,4,23.28,6,1120
電梯大樓,32.6,7,42.48,8,2854
電梯大樓,8.5,14,12.37,3,1880
別墅,53.8,1,48.34,9,12300
電梯大樓,38.4,12,19.09,5,1150
電梯大樓,8.3,12,19.09,5,2298
電梯大樓,5.8,15,34.94,7,3350
電梯大樓,38.4,12,18.1,4,1177
電梯大樓,38.4,12,17.66,6,1280
電梯大樓,23.7,7,42.99,3,5920
電梯大樓,4.6,14,40.75,7,5480
電梯大樓,27,6,39.32,1,3500
電梯大樓,36.7,7,31.12,7,3180
公寓,53.3,3,137.69,29,10500
電梯大樓,13.1,14,38.22,8,5180
電梯大樓,39.5,9,17.82,4,1450
電梯大樓,35.8,7,13.32,4,1550
電梯大樓,23.8,15,404.72,1,10880
電梯大樓,44,6,16.06,2,2980
公寓,42.5,4,25.61,3,9500
公寓,35.3,5,26.39,6,2980
電梯大樓,37.9,7,32.62,7,3200
電梯大樓,27.9,25,56.97,8,8888
電梯大樓,30.1,12,13.5,3,1380
電梯大樓,29.5,15,4.3,1,750
電梯大樓,41.2,7,26.5,4,12800
公寓,48.8,4,28.56,6,2280
電梯大樓,8.5,14,9.33,3,1580
電梯大樓,8.4,7,5.97,2,1158
電梯大樓,1.5,23,64.22,9,18248
公寓,36.1,5,26.73,10,1600
公寓,40.4,4,32.39,7.5,1588
公寓,42.5,4,29.02,5,1700
電梯大樓,38.4,12,13.94,3,768
電梯大樓,8.7,11,17.33,2,2050
電梯大樓,22.3,13,19.58,5,1540
電梯大樓,3,24,28.4,7,3760
公寓,36.3,5,34.88,8,1650
電梯大樓,17.2,7,52.81,8,6980
電梯大樓,6.5,22,37.06,8,5150
電梯大樓,7.3,10,35.65,7,3400
公寓,40.3,4,23.86,5,1680
電梯大樓,9.1,12,7.07,2,1280
電梯大樓,23.9,28,15.58,1,2250
公寓,40.3,4,33.46,12,1750
公寓,37.4,5,39.09,7,3300
電梯大樓,8,9,10.88,4,1700
電梯大樓,1.9,14,42.02,8,4990
公寓,48,4,20.13,6,1450
公寓,39.3,4,26.94,5,2050
電梯大樓,37.5,10,25.12,3,2580
電梯大樓,34.4,26,55.53,7,6200
電梯大樓,39.9,7,10.59,2,756
公寓,39,5,28.96,1,2380
透天厝,96.9,2,36.91,2,13800
電梯大樓,34.5,14,60.63,9,6399
電梯大樓,10.1,12,34.28,7,3380
公寓,41.5,4,76.84,20,4980
電梯大樓,8.3,6,42.23,8,4700
電梯大樓,8.6,14,8.81,3,1088
電梯大樓,9.2,12,13.46,3,1280
公寓,31.4,5,30.84,10,1800
電梯大樓,16.5,13,40.2,8,6380
電梯大樓,30.6,19,39.31,8,4100
電梯大樓,3.5,6,16.27,4,1680
公寓,28.2,5,27.93,7,1650
公寓,29.4,5,40.71,8,2200
電梯大樓,32.6,12,14.62,2,1150
公寓,30.9,5,28.5,8,2188
電梯大樓,6.4,19,25.94,7,2780
公寓,38.4,5,46.58,6,2599
公寓,37,5,31.52,6,1420
電梯大樓,18.1,14,48.79,5,6800
電梯大樓,3.1,9,38.64,8,3988
電梯大樓,15.4,10,38.2,8,3820
電梯大樓,16.2,14,42.46,8,3880
公寓,29,3,31.88,7,2680
公寓,18.2,3,20.56,5,998
電梯大樓,2.7,15,16.54,3,2698
電梯大樓,2.6,14,16.22,5,2380
電梯大樓,2.3,11,7.81,3,1100
別墅,21.5,3,53.42,10,3388
公寓,34.5,4,27.27,10,1180
電梯大樓,11,15,35.77,2,6900
公寓,37.8,7,16.25,1,3670
電梯大樓,19.2,11,32.11,7,4590
電梯大樓,40.8,7,34.69,7,3750
電梯大樓,6.2,12,19.22,5,2780
公寓,39.9,5,38.71,5,12300
公寓,36.6,5,26.68,6,1580
電梯大樓,39.2,12,39.34,7,6350
公寓,30.9,5,27.83,7,2900
電梯大樓,8,19,10.05,3,2080
電梯大樓,33.5,7,13.85,7,2900
電梯大樓,22.3,9,35.09,7,3180
透天厝,8.2,3,215.13,10,22000
電梯大樓,36.2,12,11.49,4,838
公寓,28.5,5,51.45,10,3550
電梯大樓,16.6,6,7.49,2,1180
電梯大樓,5.4,5,15.69,5,1800
電梯大樓,17.5,14,37.09,6,3188
電梯大樓,25.7,12,8.12,3,768
電梯大樓,31.3,14,19.61,3,2780
公寓,36.4,5,35.45,7,2380
電梯大樓,29.1,7,17.74,2,1998
公寓,31.6,5,25.15,7,1180
公寓,37.8,5,33.7,7,2250
公寓,38.6,4,31.34,7,1278
電梯大樓,34.4,7,39.48,4,4446
電梯大樓,7.6,9,10.24,3,1480
公寓,40.6,4,12.89,3,1080
電梯大樓,30.6,19,39.87,6,4280
電梯大樓,2.3,11,89.18,1,18000
電梯大樓,34,7,28.75,7,2480
電梯大樓,8.7,12,23.55,2,5000
公寓,34.7,5,30.5,7,1680
公寓,35.6,5,31.37,5,3580
電梯大樓,34,12,13.94,1,1268
透天厝,66,3,19.82,1,3480
電梯大樓,22.5,7,25.23,6,2800
電梯大樓,2,17,56.14,1,9488
電梯大樓,41.3,8,52.78,12,2750
電梯大樓,3,7,18.2,3,3998
電梯大樓,32,8,36.57,7,2388
電梯大樓,32.7,15,17.78,6,2250
電梯大樓,6,14,52.08,7,10590
電梯大樓,18.1,9,34.02,7,2650
電梯大樓,9.5,12,6.39,2,810
電梯大樓,25.7,12,25.51,2,3200
電梯大樓,30.5,7,41.3,9,3880
電梯大樓,20.4,4,12.56,4,2770
電梯大樓,28.6,12,35.27,1,3650
公寓,32,5,31.5,5,2150
電梯大樓,21.7,14,210.54,11,12000
電梯大樓,7.4,12,80.95,8,33982
電梯大樓,35.4,7,17.97,5,2120
電梯大樓,6.8,15,22.32,4,4288
電梯大樓,3.6,13,39.27,9,8488
電梯大樓,23.3,17,56.53,8,3750
公寓,40,4,31.67,6,1598
電梯大樓,28.1,7,26.31,6.5,2380
電梯大樓,8.5,14,12.37,4,2188
公寓,37.5,5,33.48,7,1980
電梯大樓,4.6,14,42.29,7,5680
電梯大樓,33.7,12,26.9,7,1700
公寓,38.4,5,39.22,6,2080
電梯大樓,34.3,7,42.04,4,3088
公寓,36.6,5,24.76,6,1060
電梯大樓,5.6,7,14.96,5,1800
電梯大樓,4.7,11,27.99,7,2500
電梯大樓,0.9,12,24.36,7,2288
電梯大樓,6.3,16,66.21,10,15800
公寓,32.7,6,17.85,4,990
透天厝,93.5,2,64.08,6,26000
電梯大樓,7.2,13,20.63,7,2668
電梯大樓,22.6,11,24.59,4,1998
電梯大樓,20,11,7.98,2,650
公寓,38.1,5,34.65,6,1886
電梯大樓,7.9,18,10.83,3,770
電梯大樓,9.8,15,31.02,8,4100
電梯大樓,3.3,14,43.37,8,7500
電梯大樓,3.5,7,28.77,7,3480
電梯大樓,23.3,10,46.95,2,7800
電梯大樓,4.8,7,16.4,5,1880
電梯大樓,16.7,10,48.63,9,4980
電梯大樓,38.6,11,8.93,2,718
電梯大樓,27.3,18,9.88,3,998
電梯大樓,8.6,11,31.89,8,4180
電梯大樓,5,14,54.97,8,8800
電梯大樓,3.1,26,74.54,12,8300
電梯大樓,20.8,5,15.92,2,2480
電梯大樓,2.1,15,43.91,8,4680
透天厝,39,2,30.78,6,2980
電梯大樓,24.3,6,33.6,7,3250
電梯大樓,16.7,12,29.61,7,3750
公寓,51.8,4,37.02,8,2880
電梯大樓,2,11,36.01,9,5380
電梯大樓,1.3,11,31.03,7,4700
公寓,32.8,5,31.72,7,1298
透天厝,35.5,2,74.55,11,5980
電梯大樓,2.6,5,18.09,5,1800
電梯大樓,2.8,6,29.86,8,7580
電梯大樓,6.9,11,32.74,7,3680
公寓,14.1,5,25.2,7,1450
別墅,20.7,11,26.45,6,4480
電梯大樓,40.8,9,24.73,1,1958
電梯大樓,18.5,13,8.21,3,1250
電梯大樓,22.5,17,27,1,2550
公寓,40.3,4,27.94,4,3980
電梯大樓,21,6,32.68,6,4350
公寓,31.6,5,31.05,7,1880
電梯大樓,31.6,12,50.77,10,4600
電梯大樓,9.5,12,15,5.5,1798
公寓,39.7,4,23.03,6,1480
公寓,35.4,5,22.79,5,1198
電梯大樓,1.7,14,69.21,9,9200
電梯大樓,21.1,8,42.68,7,3288
電梯大樓,33.4,7,23.81,6,1950
電梯大樓,7.8,9,15.49,5,2060
公寓,32.3,5,28.95,7,1138
電梯大樓,23.5,9,27.25,5,2280
公寓,32.8,5,26.26,7,1395
電梯大樓,14.9,10,36.71,8,3600
電梯大樓,22.2,10,45.03,9,5688
別墅,31,4,64.91,13,5750
別墅,31,4,73.4,14,5868
電梯大樓,26.6,7,48.26,8,3560
電梯大樓,8.1,7,10.48,3,1550
電梯大樓,39.5,5,7.18,3,720
電梯大樓,6.8,18,9.46,2,1880
電梯大樓,6,15,11.15,3,1800
電梯大樓,5.7,7,180.89,7,24800
公寓,44.5,5,32.27,7,2500
電梯大樓,22.6,6,7.22,3,750
電梯大樓,34.6,12,28.86,2,2580
電梯大樓,9.2,7,8.84,3,1360
電梯大樓,33.9,7,26,8,1480
電梯大樓,9.6,9,14.44,3,2080
電梯大樓,9.6,9,10.58,3,1528
電梯大樓,35.7,12,13.18,3,1488
電梯大樓,8.6,9,14.36,3,2580
電梯大樓,9.1,13,8.68,3,1298
電梯大樓,39.2,12,9.77,3,930
電梯大樓,31.2,12,45.65,5,4980
電梯大樓,33.7,7,28.02,6,2980
電梯大樓,21.9,8,12.31,3,1680
電梯大樓,2.3,16,34.43,8,6000
電梯大樓,5.1,12,54.12,2,5298
電梯大樓,4.7,25,22.51,6,3500
公寓,40.7,4,25.73,6,1678
電梯大樓,20.6,16,66.52,8,5980
公寓,44.6,4,13.87,5,838
公寓,45.1,4,30.24,3,2880
電梯大樓,16.6,13,6.79,3,988
電梯大樓,25.5,14,307.14,1,39800
電梯大樓,17,8,38.67,8,6600
公寓,32.5,5,29.8,8,1450
電梯大樓,9,12,27.23,7,3400
電梯大樓,3.1,7,38.08,7,4045
公寓,39.5,5,20.45,5,4260
公寓,33.3,5,53.79,9,3980
電梯大樓,17.8,12,20.06,4,2450
電梯大樓,31.7,12,13.82,2,2446
電梯大樓,9.2,12,32.29,8,2700
電梯大樓,31,15,40,8,3980
公寓,41,4,30.87,4,3880
公寓,31.2,5,30.05,7,1880
電梯大樓,38.4,12,18.1,5,1180
公寓,31.2,5,30.06,7,1780
電梯大樓,28.1,11,33.63,8,1998
電梯大樓,8.7,9,19.99,4,2450
電梯大樓,6.7,7,75.28,11,11500
電梯大樓,13,9,25.39,7,2580
電梯大樓,8.1,5,67.98,10,7900
電梯大樓,22.8,10,14.2,2,1980
電梯大樓,39.4,11,27.96,4.5,2200
電梯大樓,30.3,12,31.47,8,2180
電梯大樓,3.1,15,29.67,8,3160
公寓,45.1,4,23.28,6,1120
電梯大樓,32.6,7,42.48,8,2854
電梯大樓,8.5,14,12.37,3,1880
別墅,53.8,1,48.34,9,12300
電梯大樓,38.4,12,19.09,5,1150
電梯大樓,8.3,12,19.09,5,2298
電梯大樓,5.8,15,34.94,7,3350
電梯大樓,38.4,12,18.1,4,1177
電梯大樓,7.6,14,24.22,2,3230
電梯大樓,5.8,16,41.02,7,5500
電梯大樓,9.8,15,35.22,1,4500
電梯大樓,7.8,10,52.91,9,9168
電梯大樓,9.3,14,13.58,3,1580
電梯大樓,6,14,57.93,8,14290
電梯大樓,40.9,8,28.08,5,1880
電梯大樓,4.4,14,41.88,7,6780
電梯大樓,33.3,12,34.2,7,2360
電梯大樓,17,12,25.93,7,2850
電梯大樓,35.8,7,11.13,6,1400
電梯大樓,36.2,7,35.37,6.5,2656
電梯大樓,32.6,12,31.7,8,2550
電梯大樓,3.7,7,19.17,5,2538
電梯大樓,6.8,14,46.94,8,8800
電梯大樓,5,10,8.65,3,1750
電梯大樓,39.7,9,80.19,11,5500
電梯大樓,34.4,12,45.3,3,2400
電梯大樓,5,10,10.06,3,2000
公寓,44.2,4,32.11,8,2560
公寓,38,5,30.1,6,1398
電梯大樓,9.7,15,33.65,8,5280
電梯大樓,31.1,15,23.23,5,2380
電梯大樓,40.6,7,53.97,9,4500
電梯大樓,25.3,5,7.8,3,720
電梯大樓,5.2,7,23.41,6,2100
電梯大樓,38.6,7,48.39,8,4480
電梯大樓,10.4,10,30.51,8,4688
電梯大樓,4.1,12,36.28,4,6520
電梯大樓,15.7,9,34.73,7,5600
電梯大樓,16,11,41.66,11,6380
電梯大樓,9.3,11,15.75,5,3060
電梯大樓,7.6,10,21.7,5,3950
電梯大樓,6.6,10,22.21,6,3980
電梯大樓,2.4,6,5.99,3,1288
電梯大樓,1.4,12,10.54,3,2280
電梯大樓,3.8,14,13.01,4,2250
電梯大樓,11.9,5,25.32,7,2980
電梯大樓,2,17,56.14,8,9500
電梯大樓,8.1,7,36.58,8,4500
電梯大樓,8.7,9,20.26,4,2280
電梯大樓,8.3,12,17.79,5,2300
公寓,37.4,5,20.69,6,1380
電梯大樓,8.3,12,27.11,7,3280
電梯大樓,36.4,7,26.63,7,3380
電梯大樓,6.2,15,43.28,4,7800
電梯大樓,38.6,10,19.9,4,1688
電梯大樓,1.5,9,19.12,5,2380
電梯大樓,26.4,9,27.62,2,2440
電梯大樓,27.1,6,34.02,7,3600
電梯大樓,5.8,27,16.82,5,2780
電梯大樓,2.4,18,38.76,8,4600
公寓,46.7,4,21.13,6,1380
電梯大樓,8.8,10,30.02,7,3850
電梯大樓,9.6,15,19.62,5,1968
電梯大樓,27.5,6,35.99,10,4780
電梯大樓,3.3,21,60.92,7,8800
公寓,38.7,5,27.89,7,1360
電梯大樓,4.3,13,17.88,5,2250
電梯大樓,28.5,5,5.25,3,850
電梯大樓,35.5,7,32.22,7,2780
電梯大樓,36.8,12,35.13,7,3180
電梯大樓,15.9,9,62.41,9,13000
電梯大樓,35.9,7,36.53,7,2180
電梯大樓,7.4,14,8.5,2,1300
電梯大樓,35.5,12,20.38,7,1380
電梯大樓,30,7,27.7,2,1590
電梯大樓,6.4,14,17.78,5,2612
公寓,52.4,4,22.32,2,1050
電梯大樓,17,8,25.91,7,2812
電梯大樓,32.2,6,36.42,3,2580
電梯大樓,33.5,7,39.6,8,2988
電梯大樓,11.7,8,52.12,9,9200
電梯大樓,21.7,15,35.69,7,5495
電梯大樓,13.2,10,25.18,7,3080
電梯大樓,10.9,15,18.42,5,2380
電梯大樓,7.8,9,46.72,8,7800
電梯大樓,10.6,8,33.61,7,4500
公寓,38.9,5,37.55,8,2580
電梯大樓,6.6,18,46.91,8,8800
電梯大樓,7.1,12,16.48,3,3480
電梯大樓,23,11,41.17,8,3600
公寓,42.7,4,30.2,7,2900
公寓,39,5,29.36,5,2100
電梯大樓,16.7,12,77.34,9,13500
電梯大樓,43.3,6,30.66,6,2580
電梯大樓,1.6,10,74.54,8.5,21070
電梯大樓,19.9,13,33.91,9,3980
電梯大樓,9.5,19,17.05,4,5050
電梯大樓,25.8,15,57.42,7,4388
電梯大樓,6.6,18,42.41,6,8553
電梯大樓,27.9,16,44,8,4800
公寓,32.1,5,27.6,5,2650
電梯大樓,33.1,15,12.64,3,1200
電梯大樓,9.5,19,10.37,3,2800
電梯大樓,39.1,11,17.32,5,1788
電梯大樓,26.4,16,72.75,9,9999
電梯大樓,34,7,31.35,7,2880
電梯大樓,35.8,7,38.65,7,3990
電梯大樓,2.7,15,20.91,3,3445
電梯大樓,35.8,7,39.87,7,2680
電梯大樓,33.9,7,35.08,7,3280
電梯大樓,7.8,12,60.92,9,19000
電梯大樓,37.5,7,59.81,7,5800
電梯大樓,19.9,13,28.85,7,3688
公寓,37.6,5,31.13,7,1680
電梯大樓,19.9,13,28.75,7,3300
電梯大樓,18.7,14,10.17,3,1980
公寓,34.9,5,30.61,7,1780
電梯大樓,31.3,7,10.95,3,1150
公寓,47.4,4,32.34,3,2780
電梯大樓,33.9,7,54.46,10,3988
電梯大樓,32.1,17,25.41,7,2780
公寓,53.2,3,21.3,4,1980
電梯大樓,37,12,43.55,8,4360
電梯大樓,21,16,28.89,7,3900
電梯大樓,34.6,7,16.7,2,1888
電梯大樓,8.5,8,6.61,2,1188
公寓,40.4,4,32.39,7.5,1588
電梯大樓,5.6,9,13.26,2,2350
公寓,42.5,4,29.02,5,1700
公寓,37.4,5,39.09,7,3300
電梯大樓,38.4,12,13.94,3,768
電梯大樓,28.6,8,35.47,6,2798
電梯大樓,8.7,11,17.33,2,2050
公寓,42.2,4,28.86,6,2880
電梯大樓,22.3,13,19.58,5,1540
電梯大樓,7.9,19,13.41,4,1688
電梯大樓,19.8,18,44.01,8,3580
電梯大樓,29.6,6,37.84,7,3498
電梯大樓,26.4,6,8.35,3,1380
電梯大樓,3,24,28.4,7,3760
電梯大樓,4.7,25,26.44,7,3689
電梯大樓,33.5,12,33.63,7,3788
電梯大樓,3.5,7,23.94,7,2380
公寓,36.3,5,34.88,8,1650
電梯大樓,33.9,7,14.06,4,1150
電梯大樓,27.2,4,17.33,4,1920
電梯大樓,2.1,12,34.63,8,4850
別墅,19.3,4,81.58,15,7480
電梯大樓,10.5,19,9.25,3,1580
公寓,38.3,5,25.11,5,1490
公寓,30.8,5,33.89,7,1780
電梯大樓,5.1,12,54.14,1,6600
電梯大樓,4.8,14,40.58,8,3780
電梯大樓,19.7,13,213.1,5,12888
公寓,34.5,5,29.28,8,2288
電梯大樓,16.7,14,28.11,2,5590
公寓,29.8,5,33.15,7,1488
電梯大樓,4.7,25,15.39,5,2350
電梯大樓,10.6,14,33.81,8,3150
電梯大樓,1.2,15,37.25,8,4888
電梯大樓,9,10,25.37,7,2480
電梯大樓,12.5,17,41.76,5,6900
電梯大樓,32.7,14,35.94,7,3380
電梯大樓,19.2,13,28.08,7,4980
電梯大樓,10.9,13,7.66,3,1558
電梯大樓,11.4,13,31.68,6,4915
電梯大樓,8,11,29.14,8,2241
電梯大樓,35.8,8,23.03,6,1580
電梯大樓,17.6,7,10.61,3,780
公寓,32.3,5,26.19,7,1499
電梯大樓,26.6,10,93.97,6,4900
公寓,43,4,58.79,9,5080
電梯大樓,32.8,7,49.59,7,2680
電梯大樓,8,11,15.05,4,1358
公寓,27.5,4,39.49,8,1650
公寓,33,5,31.75,7,1480
電梯大樓,17.4,9,35.78,7,5500
電梯大樓,29.9,12,31.66,7,2980
公寓,38.1,5,21.08,8,1100
電梯大樓,4.6,23,69.4,5,11690
電梯大樓,3.1,27,34.17,7,3880
電梯大樓,2.9,5,27.53,7,3380
電梯大樓,5.2,15,35.6,8,3125
公寓,27,5,60.03,8,2680
公寓,22.5,5,21.35,6,1198
電梯大樓,8.7,14,29.34,7,2580
電梯大樓,37.9,7,37.09,10,4300
電梯大樓,2.7,16,95.17,8.5,24000
電梯大樓,33.1,7,46.18,7,6200
公寓,45.1,4,25.36,6,1280
公寓,35,5,28.96,6,3600
電梯大樓,31.1,7,26.31,6.5,3350
電梯大樓,7.7,15,45.47,8,6490
電梯大樓,30.2,14,24.22,7,2600
電梯大樓,31.2,18,28.38,7,2850
電梯大樓,36.8,7,44.22,8,4780
電梯大樓,39.3,7,20.12,5,2588
電梯大樓,46.7,11,57.02,8,5999
電梯大樓,34.6,7,45.34,8,4490
電梯大樓,37.6,7,40.41,7,4000
電梯大樓,38.5,15,46.06,8,5880
電梯大樓,30.4,14,26.98,5.5,2688
電梯大樓,45,7,38.79,7,3988
電梯大樓,11.8,14,6.85,2,1015
公寓,37.4,5,35.96,8,2530
電梯大樓,18.1,9,34.21,7,2750
電梯大樓,20.8,8,33.3,7,2080
電梯大樓,10.5,7,6.85,2,6880
電梯大樓,35.5,7,44.16,9,3450
公寓,40,4,34.73,8,1780
公寓,38.4,5,46.58,6,2599
電梯大樓,3.3,21,47.67,7,6600
電梯大樓,31.3,14,23.02,4,1980
電梯大樓,10.6,12,25.2,7,3188
電梯大樓,32.1,15,22.78,6,2368
電梯大樓,5.8,11,36.77,8,3400
電梯大樓,37.5,12,19.21,5,1598
電梯大樓,28.9,12,10.91,4,1650
電梯大樓,41.3,7,29.6,7,2850
電梯大樓,16.9,19,34.76,8,3380
別墅,26.1,3,77.31,12,6000
電梯大樓,10.4,11,8.22,2,1080
電梯大樓,8.7,15,32.24,7,4280
電梯大樓,1.3,5,12.81,3,1400
電梯大樓,26.1,5,17.19,4,3880
電梯大樓,28,7,30.97,6,4380
公寓,33.5,5,71.41,4,7880
電梯大樓,29.5,12,20.73,4,1560
電梯大樓,26.9,7,28.04,5,2888
電梯大樓,7.8,14,8.23,3,1858
電梯大樓,8.2,10,16.7,3,3588
電梯大樓,6.8,18,13.06,2,2680
電梯大樓,24.5,9,26.84,7,2250
電梯大樓,35.2,14,82.43,11,13600
電梯大樓,2.3,8,19.68,6,3800
電梯大樓,5.5,7,11.3,3,1850
電梯大樓,7.3,18,28.38,7,4998
電梯大樓,36.9,12,29.81,1,2196
電梯大樓,32.1,12,23.94,3,2380
電梯大樓,6.2,12,27.69,7,4880
公寓,33.3,5,29.33,6,1888
電梯大樓,4.8,12,45.62,8,7474
電梯大樓,3,7,10.07,3,1618
電梯大樓,9.8,13,30.72,7,3500
電梯大樓,6.8,15,34.18,7,5600
電梯大樓,6.4,19,25.94,7,2780
公寓,38.3,5,11.37,1,1580
電梯大樓,3.8,12,27.07,7,3980
電梯大樓,10.8,11,13.8,3,1980
電梯大樓,3.1,9,38.64,8,3988
公寓,42.3,4,23.18,5,1855
電梯大樓,33.3,6,45.62,8,5800
公寓,27.8,5,40.78,7,2280
電梯大樓,11.8,15,30.6,5,4680
電梯大樓,23.6,8,21.54,5,1198
別墅,21.5,3,53.42,10,3388
電梯大樓,4.8,14,63.58,12,15150
公寓,37.7,5,28.87,6,1780
電梯大樓,8.4,13,9.99,2,828
電梯大樓,17.5,5,21.29,5,1850
公寓,43,4,23.41,6,1350
電梯大樓,5.1,12,54.14,1,6600
公寓,34.5,5,29.28,8,2288
電梯大樓,10.4,14,29.01,7,3250
電梯大樓,27.4,12,33.06,7,3298
透天厝,51,2,19.58,5,1980
電梯大樓,39.9,8,31.66,7,2150
公寓,31.7,5,32.53,7,1838
電梯大樓,13.1,13,22.94,7,1980
電梯大樓,4.6,14,40.38,8,4988
公寓,35.8,5,36.7,7,2250
電梯大樓,35.5,7,30.72,7,2080
公寓,33,5,28.81,5,4380
電梯大樓,9.5,8,47.14,9,7800
電梯大樓,9.4,9,12.48,6,1950
電梯大樓,8.5,14,13.9,4,2398
電梯大樓,28.2,6,42.91,8,3500
透天厝,50.4,2,30.96,23,3880
電梯大樓,8.2,11,38.33,9,4988
電梯大樓,33.6,7,32.19,7,2260
公寓,42.7,4,36.82,6,1580
電梯大樓,1.9,15,32.35,5,4780
公寓,44.4,4,29.69,7,1598
電梯大樓,6.2,12,35.76,8,4980
電梯大樓,5.4,13,45.94,7,5888
電梯大樓,7.6,7,17.77,5,2050
電梯大樓,5.4,13,42.47,8,5680
透天厝,56.7,1,17.58,7,1800
電梯大樓,8.6,5,40.42,8,3280
電梯大樓,9.6,11,9.82,3,1680
電梯大樓,3.1,9,13.87,5,2180
電梯大樓,25.2,12,53.98,9,9500
電梯大樓,5.4,13,38.76,7,4700
電梯大樓,9.5,10,19.6,6,2790
別墅,7.7,4,67.26,11,6200
電梯大樓,9.4,8,10.6,3,1320
電梯大樓,22.7,23,39.32,7,5980
公寓,42.6,4,20.01,5,1300
電梯大樓,5.4,13,45.96,7,5588
透天厝,44.1,2,26.43,7,1680
電梯大樓,6.7,11,40.41,6,4950
電梯大樓,33.4,12,10.97,2,830
電梯大樓,43.9,6,25.08,7.5,2188
電梯大樓,3.1,7,23.9,7,6388
公寓,30.5,5,27.71,6,988
電梯大樓,20.4,13,13.27,3,1100
電梯大樓,30.4,7,27.16,5,2650
電梯大樓,2.4,23,40.01,8,5450
電梯大樓,8.7,10,8.07,2,1180
電梯大樓,10,15,32.07,8,5800
電梯大樓,11.6,13,7.27,2,698
公寓,35.4,5,28.65,7,1198
公寓,26.6,5,42.64,9,1880
電梯大樓,11.4,13,30.42,1,10095
電梯大樓,7.9,19,6.7,3,898
電梯大樓,10.5,13,8.12,3,1580
公寓,42.6,4,40.14,8,2350
電梯大樓,11.3,6,45.63,1,3818
公寓,35.8,5,30.99,6,1680
公寓,39.2,4,19.6,5,2100
電梯大樓,32.2,19,28.55,7,3580
電梯大樓,7.1,14,62.24,9,9688
電梯大樓,35.5,12,31.8,6.5,3380
電梯大樓,2.1,15,42.79,8,4980
電梯大樓,4.4,10,11.2,3,2180
電梯大樓,20.8,17,16.47,4,1088
公寓,28.1,5,39.08,6,3200
電梯大樓,6.1,14,16.43,4,1650
電梯大樓,1.5,9,18.72,6,2380
公寓,16.4,4,20.67,7,1400
別墅,8.7,5,87.74,15,7980
公寓,51.7,3,21.05,3,3600
電梯大樓,7.8,19,58.01,6,11170
電梯大樓,33,10,22.2,6,2080
電梯大樓,40,12,33.98,8,5388
公寓,33.8,5,22.66,6,998
電梯大樓,14.5,8,25.49,7,1480
電梯大樓,2.1,15,42.8,8,4550
電梯大樓,3.5,19,75.78,8,14800
電梯大樓,22.4,11,16.8,4,1150
電梯大樓,7.5,5,53.74,8,5300
電梯大樓,5.3,7,14.26,4,1350
公寓,35.9,4,30.15,6,1180
公寓,35,5,33.99,7,2080
電梯大樓,25.9,7,35.74,7,2880
公寓,47,4,27.32,6,1498
公寓,51.5,3,38.56,12,2780
公寓,39.1,5,26.7,2,2280
電梯大樓,33.9,7,23.62,6,1530
電梯大樓,4.2,12,5.1,2,798
公寓,49.2,4,30.98,6,1680
公寓,48.5,4,26.98,6,1180
別墅,21.5,3,53.42,11,3180
電梯大樓,38.6,11,6.32,2,508
公寓,40.2,4,42.02,8,2550
公寓,36.4,5,28.24,6,1488
電梯大樓,9,14,43.97,8,4680
公寓,33.5,5,50.08,6,2650
電梯大樓,0.9,12,24.6,7,2388
電梯大樓,14.8,14,8.6,3,1200
公寓,34.7,5,41.32,8,4580
電梯大樓,25.7,12,25.51,2,3200
電梯大樓,30.5,7,41.3,9,3880
電梯大樓,20.4,4,12.56,4,2770
電梯大樓,28.6,12,35.27,1,3650
公寓,32,5,31.5,5,2150
電梯大樓,21.7,14,210.54,11,12000
電梯大樓,7.4,12,80.95,8,33982
電梯大樓,35.4,7,17.97,5,2120
電梯大樓,3.6,13,39.27,9,8488
電梯大樓,23.3,17,56.53,8,3750
公寓,40,4,31.67,6,1598
電梯大樓,6.8,15,22.32,4,4288
電梯大樓,28.1,7,26.31,6.5,2380
電梯大樓,22.1,5,9.48,3,1420
電梯大樓,31,12,29.85,7,2000
公寓,48.6,4,29.12,7,2600
電梯大樓,4.8,13,54.75,8,15800
電梯大樓,37.8,7,38.84,6.5,3600
電梯大樓,2.7,15,20.91,3,3445
電梯大樓,35.8,7,39.87,7,2680
電梯大樓,33.9,7,35.08,7,3280
電梯大樓,7.8,12,60.92,9,19000
電梯大樓,37.5,7,59.81,7,5800
電梯大樓,19.9,13,28.85,7,3688
公寓,37.6,5,31.13,7,1680
電梯大樓,19.9,13,28.75,7,3300
電梯大樓,18.7,14,10.17,3,1980
公寓,34.9,5,30.61,7,1780
電梯大樓,31.3,7,10.95,3,1150
公寓,47.4,4,32.34,3,2780
電梯大樓,33.9,7,54.46,10,3988
電梯大樓,32.1,17,25.41,7,2780
公寓,53.2,3,21.3,4,1980
電梯大樓,37,12,43.55,8,4360
電梯大樓,21,16,28.89,7,3900
電梯大樓,34.6,7,16.7,2,1888
電梯大樓,0.9,25,37.18,7,8980
電梯大樓,8.5,8,6.61,2,1188
電梯大樓,43.1,7,43.82,7,5680
電梯大樓,37.3,7,26.95,2,9800
電梯大樓,10.4,13,38.36,3,6500
電梯大樓,4.5,19,52.49,9,12500
透天厝,19.1,3,51.52,11,4080
電梯大樓,1.5,23,43.38,7,10800
電梯大樓,8.4,7,9.56,3,1820
公寓,30.6,5,40.04,7,3990
電梯大樓,34.9,7,36.12,7,3720
電梯大樓,33.7,7,28.42,6,3298
電梯大樓,23.6,8,44.31,7,8800
電梯大樓,0.9,25,33.71,7,6286
公寓,35.3,5,25.12,5,1900
電梯大樓,27.9,25,104.28,13,18800
電梯大樓,35.5,11,36.75,7,3290
電梯大樓,30.5,7,42.86,7.5,4280
公寓,31.5,5,32.23,7,1388
電梯大樓,9,14,12.94,3,2880
電梯大樓,2.7,16,86.86,11.5,19300
公寓,38.4,5,16.96,3,960
電梯大樓,6.2,11,19.01,3,1750
電梯大樓,0.7,17,36.85,8,5500
公寓,45.2,5,34.61,8,2100
電梯大樓,24.5,9,16.53,4,1788
電梯大樓,3,14,36.26,8,4588
電梯大樓,1.9,14,42.02,7,4980
電梯大樓,9.5,12,9.42,2,1588
電梯大樓,2.6,15,41.82,7,7380
電梯大樓,39.4,11,11.67,4,1088
電梯大樓,3.1,7,37.73,7,3930
電梯大樓,6,14,59.58,7,11150
電梯大樓,10,10,24.71,7,2850
電梯大樓,2.4,9,35.81,7,4980
電梯大樓,16.3,14,14.13,4,2238
電梯大樓,2.7,15,16.54,4,2525
透天厝,50.5,5,86.26,13,14500
電梯大樓,18.4,12,145.81,13,15888
電梯大樓,3.6,7,17.63,6,3650
電梯大樓,22.8,10,7.25,3,745
公寓,39.6,5,25.35,4,3380
電梯大樓,13.2,12,7.57,2,1368
電梯大樓,17.9,14,40.2,7,4980
電梯大樓,31.3,15,23.6,5,2185
電梯大樓,4.6,14,10.34,3,1580
電梯大樓,6.4,14,13.68,3,1965
電梯大樓,6.4,14,21.63,5,3152
公寓,31.4,5,27.49,10,2188
電梯大樓,7.2,11,49.98,7,12888
電梯大樓,4.1,11,48.12,8,14380
電梯大樓,6.8,5,33.79,7,4680
電梯大樓,11.6,14,29.35,7,3680
電梯大樓,3.9,14,36.7,8,3925
公寓,32.8,5,32.54,7,1580
電梯大樓,5.7,11,35.5,7,3888
電梯大樓,8.4,7,85.4,8,6600
電梯大樓,22.9,8,8.88,3,680
電梯大樓,32,12,37.9,8,2988
別墅,14,5,80.95,12,7500
電梯大樓,9.6,9,10.53,2,1488
電梯大樓,19.2,13,27.83,6,5500
公寓,33.9,5,36.27,7,1798
電梯大樓,10.6,14,35.47,2,11500
公寓,36.4,5,32.79,7,1635
電梯大樓,4.6,14,21.61,6,3980
電梯大樓,9.4,15,28.15,7,3280
公寓,33.8,4,26.53,7,1390
電梯大樓,10.7,5,47.51,7,6668
電梯大樓,9.9,11,22.49,5,2750
公寓,32.8,5,16.45,4,3300
公寓,31.6,5,28.51,7,1480
電梯大樓,10.1,14,15.88,5,2730
電梯大樓,7.5,17,38.03,8,6250
電梯大樓,2.1,7,7.77,3,2098
電梯大樓,27.7,16,36.56,7,2780
電梯大樓,6.6,9,29.76,7,3550
公寓,27.5,5,52.44,10,2580
電梯大樓,28.8,12,40.59,8,5500
電梯大樓,1.7,9,24.54,1,11200
公寓,32.8,5,33.08,7,1350
電梯大樓,31.1,14,22.94,6,2480
電梯大樓,2.7,16,60.87,10.5,15000
電梯大樓,26.1,12,138.58,14,22300
電梯大樓,35.5,11,15.51,5,1980
電梯大樓,30.4,14,25.87,6,2488
電梯大樓,20.5,9,7.47,2,1180
電梯大樓,29.5,6,46.14,2,32000
公寓,42.5,4,40.07,7,5500
電梯大樓,36,12,28.74,5,2715
電梯大樓,32.6,12,9.25,3,838
電梯大樓,8.9,7,5.98,3,1288
電梯大樓,39.5,12,53.68,10,7800
電梯大樓,33.7,12,54.32,3,7428
電梯大樓,29.5,15,12.52,1,2680
電梯大樓,33.7,7,27.9,7,2900
電梯大樓,28.2,13,54.39,7,8000
電梯大樓,7.4,14,39.06,7,8288
公寓,41.2,4,26.84,6,1980
電梯大樓,9.9,11,37.48,8,4500
電梯大樓,4.2,14,90.86,1,28735
電梯大樓,8.9,9,8.44,2,1320
別墅,15.9,4,61.95,11,6988
電梯大樓,18.1,8,9.25,3,1038
電梯大樓,4.1,7,24.23,7,2749
電梯大樓,11.3,8,15.56,5,1780
電梯大樓,3.5,11,12.69,4,2180
電梯大樓,2.1,10,18.33,4,3480
電梯大樓,20.1,11,40.75,8,4680
電梯大樓,12.6,11,10.57,2,1650
公寓,30.6,5,34.85,6,2488
電梯大樓,4.1,8,49.33,8,6188
電梯大樓,8.7,11,14.85,1.5,1750
電梯大樓,8.7,5,13.88,3,1750
電梯大樓,3.7,13,35.91,7,4250
電梯大樓,39.7,12,17.82,4,2280
電梯大樓,4.8,7,11.45,3,2980
公寓,50.6,4,34.14,7,1420
電梯大樓,4.8,7,10.47,3,2580
電梯大樓,26.4,11,24.52,4,2480
電梯大樓,2.1,15,42.79,8,4300
電梯大樓,8.6,14,16.07,5,1790
電梯大樓,7.8,9,19.07,5,2250
電梯大樓,11.7,6,6.73,3,1200
公寓,36,5,24.52,5,1780
電梯大樓,22.3,11,31.82,8,1875
電梯大樓,38.9,12,36.03,7,3365
電梯大樓,23.1,11,50.71,2,18388
電梯大樓,12.2,13,23.24,7,3488
電梯大樓,10.3,15,21.9,7,2448
電梯大樓,36.9,7,42.17,7,4188
別墅,17.9,12,197.81,17.5,42000
公寓,31.9,5,27.95,5,1688
電梯大樓,11.6,8,15.59,1,16800
電梯大樓,17.3,14,19.25,6.5,1875
電梯大樓,2.1,7,7.77,3,1996
電梯大樓,33.4,7,16.13,4,2050
電梯大樓,23.9,10,12.69,5,1220
電梯大樓,34.8,7,43.97,7,4500
電梯大樓,31.4,14,31.09,5,3395
電梯大樓,7.2,15,52.29,8,8800
電梯大樓,36.5,14,15.62,4,1350
電梯大樓,12,14,16.73,5,2180
別墅,11.1,5,98.06,9,12800
電梯大樓,6.4,14,21.63,5,3138
電梯大樓,8.9,10,20.36,6,2280
電梯大樓,7.2,13,12.44,3,1866
電梯大樓,6.8,18,9.75,3,1600
電梯大樓,32.6,12,16.35,3,1320
電梯大樓,10.5,7,7.34,2,1066
透天厝,50.2,2,31.36,3,7980
透天厝,14,5,79.14,11,6680
別墅,8.4,4,81.34,10,6880
電梯大樓,7.8,14,17.72,1,2260
電梯大樓,21.8,10,77.24,5,9780
電梯大樓,5,14,44.36,3,13500
電梯大樓,9.5,12,8.04,2,1290
電梯大樓,8.7,10,13.81,3,2380
公寓,38.7,5,33.73,7,2980
電梯大樓,11.7,10,16,4,1798
電梯大樓,20.4,21,8.12,3,808
電梯大樓,17.7,6,5.14,2,980
電梯大樓,34.1,7,37.6,7,3098
公寓,45.4,4,51.25,7,4200
公寓,46.2,4,26.2,6,3750
電梯大樓,20.4,11,6.15,2,650
電梯大樓,39.6,13,72.47,8,9180
電梯大樓,32.5,12,34.77,2,4250
電梯大樓,8.5,8,38.58,7,3980
電梯大樓,19.8,10,42.16,6,7000
電梯大樓,26.5,17,47.17,7,6598
電梯大樓,29.5,18,49.83,7,8600
電梯大樓,21.9,16,31.6,6.5,2800
電梯大樓,27.6,7,22.83,5,2850
別墅,26.1,7,51.67,11,2850
電梯大樓,9.6,11,50.7,8,11800
公寓,46.5,4,35.66,9,2818
公寓,32.1,3,16.08,4,1460
公寓,36.9,5,28.87,9,2980
電梯大樓,8.7,14,39.09,8,5200
電梯大樓,8.6,14,15.19,5,1980
公寓,40.5,5,19.06,5,1198
公寓,33.9,5,29.13,6,2290
電梯大樓,36.7,12,44.18,8,4980
公寓,37.4,5,25.75,7,1978
電梯大樓,7.5,7,15.64,5,1800
電梯大樓,24.2,5,42.75,7,3200
電梯大樓,25.4,9,19.61,5.5,1288
電梯大樓,10.9,11,16.33,2,3700
電梯大樓,24.3,20,39.28,7,2880
公寓,31.3,5,36.24,8,2680
公寓,38.4,5,35.43,6,3508
公寓,31.9,5,27.95,7,1580
電梯大樓,27.4,9,50.21,9,3180
電梯大樓,21.6,13,29.55,6,2980
電梯大樓,10.6,12,25.95,7,2350
電梯大樓,10.8,11,13.8,3,1980
別墅,6.1,5,116.79,7,19600
電梯大樓,33.3,6,45.62,8,5800
公寓,49,4,30.25,3,8500
電梯大樓,39.1,11,6.96,3,799
公寓,39.5,5,20.45,5,4260
電梯大樓,44.6,12,7.01,3,1280
電梯大樓,42,12,38.62,5,4563
電梯大樓,6.9,10,10.52,4,2480
電梯大樓,37.5,12,44.29,8,5688
公寓,44.6,4,13.81,4,1180
公寓,31.7,5,43.56,7,4980
電梯大樓,31,15,40,8,3980
公寓,41,4,30.87,4,3880
公寓,41.6,4,33.4,7,2880
電梯大樓,11.4,13,84.47,3,26888
電梯大樓,39.2,7,102.63,6.5,7980
電梯大樓,35.9,12,38.02,10,4700
公寓,36.2,5,36.23,8,2430
電梯大樓,32.2,19,28,5,3960
電梯大樓,12.6,12,38.8,8,4980
公寓,47.5,4,35.63,11,2100
電梯大樓,39.5,12,22.6,2,2600
公寓,47.7,4,27.77,7,3680
電梯大樓,25.1,7,18.18,5,1610
公寓,31.7,5,31.73,6,1258
電梯大樓,6.4,11,26.36,7,2980
公寓,28.8,5,26.08,7,1820
電梯大樓,4.6,14,36.81,7,3990
公寓,37.1,5,27.82,2,2980
電梯大樓,1.9,14,37.75,6,4800
公寓,30.6,5,27.9,7,1680
電梯大樓,26.5,5,12.16,4,2480
電梯大樓,11.9,13,16.76,5,2500
公寓,35.6,5,26.93,2,2780
電梯大樓,30.7,12,37.09,7,2750
公寓,34.1,5,23.3,7,1638
電梯大樓,9.2,13,18.37,5,2188
電梯大樓,34.1,7,27.73,7,2500
電梯大樓,17.1,5,27.34,7,4450
電梯大樓,4.6,14,36.81,7,4688
公寓,32.1,5,29.45,7,1550
電梯大樓,2.4,7,6.33,3,1250
電梯大樓,15.8,10,166.78,5,22500
公寓,46.8,4,31.52,6,1888
公寓,35.3,5,32.9,7,2398
電梯大樓,31.5,7,30.02,7,1988
電梯大樓,5.1,14,52.66,11,7380
電梯大樓,4,13,26.99,7,4988
電梯大樓,36.9,7,54.92,8,5800
電梯大樓,6.6,14,43.77,7,5980
電梯大樓,35.8,12,17.9,2,2480
電梯大樓,8,14,12.94,4,1870
電梯大樓,23.3,9,66.28,11,5300
電梯大樓,3.8,15,35.46,8,3800
公寓,36.3,5,41.73,7,3188
電梯大樓,7.5,12,47.01,8,5380
電梯大樓,31.2,16,28.12,7,2950
電梯大樓,5.1,14,54.37,10,7980
公寓,15.9,3,28.59,7,2880
電梯大樓,10,10,8.75,3,1680
電梯大樓,3.2,5,23.3,7,3200
電梯大樓,3.1,12,9.6,3,1438
公寓,36.8,5,37.14,7,1580
電梯大樓,4.6,14,36.81,7,4950
電梯大樓,10.4,11,8.25,3,1280
電梯大樓,20.6,15,43.92,5,3480
公寓,29.5,5,58.81,10,3998
別墅,31,4,64.91,11,4480
電梯大樓,7,11,31.42,8,3200
電梯大樓,9.5,12,12.13,3,2080
電梯大樓,13.6,11,16.82,5,1780
電梯大樓,8.7,5,13.88,3,2200
電梯大樓,3.9,14,36.7,7,4350
電梯大樓,1.7,14,54.18,7,7780
電梯大樓,4.4,9,24.17,6,3400
電梯大樓,8.5,14,18.24,6,2250
電梯大樓,2.9,10,43.51,7,5988
電梯大樓,4.6,13,22.46,7,2780
電梯大樓,8.9,10,20.36,5,2350
電梯大樓,5.1,10,9.68,3,1350
電梯大樓,5.1,10,15.14,5,2350
電梯大樓,8.5,13,36.57,4,4300
電梯大樓,17,10,25.92,6,3180
電梯大樓,5.1,14,52.66,10,7580
電梯大樓,9.5,12,10.66,2,1680
公寓,30,5,34.32,8,2430
公寓,31.4,5,35,9,1698
電梯大樓,8.3,9,29.01,7,3800
電梯大樓,26.2,7,44.27,7,3880
電梯大樓,33,12,44.16,6,4980
電梯大樓,12.5,11,4.66,2,1228
電梯大樓,5.9,13,16.77,3,2480
公寓,43,4,25.87,2,2988
電梯大樓,11.6,12,17.6,4,2380
電梯大樓,11,10,48.07,6,6335
電梯大樓,33.6,7,45.15,5,5500
公寓,32.6,5,26.29,7,1500
公寓,31.4,5,38.34,8,2600
公寓,29.6,5,22.36,2,3280
電梯大樓,37.6,7,21.62,2,1780
電梯大樓,17.5,7,33.33,7,4380
電梯大樓,3.5,10,43.43,7,6500
電梯大樓,13.4,19,36.76,6,6900
電梯大樓,16,11,38.06,8,6250
電梯大樓,18.8,14,20.54,5,2250
公寓,37.1,5,32.88,7,2580
電梯大樓,8.5,7,17.01,5,1980
電梯大樓,32.4,5,18.56,5,1600
電梯大樓,16.7,19,21.99,3,3480
電梯大樓,29.2,14,50.21,7,9500
電梯大樓,11,14,12.57,3,2088
電梯大樓,34.6,7,36.61,7,3980
電梯大樓,35,14,18.9,2,1980
電梯大樓,38.6,14,37.51,7,4888
透天厝,56.3,2,20.39,5,6880
電梯大樓,2.4,11,23.57,5,3380
電梯大樓,19,6,16.5,5,2049
電梯大樓,29.5,15,5.38,1,910
電梯大樓,4.1,14,22.68,7,3250
電梯大樓,7.6,13,28.98,7,3580
電梯大樓,40.8,14,14.89,5,2030
電梯大樓,7.4,9,52.73,7,6380
公寓,31.9,5,53.54,8,7500
電梯大樓,3.2,12,30.93,7,4380
公寓,44.5,4,23.99,2,2480
電梯大樓,1.1,11,37.44,7,3100
電梯大樓,9.9,12,8.3,2,1088
電梯大樓,3.9,15,57.77,9,6400
電梯大樓,4.2,12,33.44,8,4380
電梯大樓,38.7,14,7.18,2,508
電梯大樓,7.9,18,10.83,3,898
公寓,29.2,5,31.93,7,2280
電梯大樓,5.5,8,6.58,2,1150
電梯大樓,17,12,25.95,7,3588
電梯大樓,9.8,13,13.44,4,2200
電梯大樓,2.4,14,61.96,8,15500
電梯大樓,19.6,12,7.51,3,720
電梯大樓,6.8,18,9.39,3,1436
電梯大樓,6.8,7,40.95,8,9288
電梯大樓,4,6,21.24,7,4500
公寓,33.5,5,71.41,4,7880
電梯大樓,7.5,14,23.87,6,2999
電梯大樓,8.4,9,21.92,5,2083
電梯大樓,8.3,7,33.41,9,4295
電梯大樓,4.2,12,16.59,5,2680
電梯大樓,21.9,12,28.2,7,3088
電梯大樓,35.8,11,9.96,5,860
公寓,33.7,5,46.28,8,2900
電梯大樓,6.1,14,31.76,7,2920
電梯大樓,5.7,19,84.54,10,21100
電梯大樓,10.5,7,12.63,3,2188
電梯大樓,10.7,13,9.94,2,1900
公寓,40.4,5,40.24,11,2480
電梯大樓,39.8,7,37.93,2,3990
電梯大樓,7.7,15,38.34,8,4200
電梯大樓,20.9,9,20.97,4,1380
公寓,42.2,4,37.71,2,3150
電梯大樓,4.4,13,22.22,5,3568
電梯大樓,1.1,11,30.23,7,2880
電梯大樓,11,11,6.53,2,1200
電梯大樓,4.8,12,32.52,7,5200
電梯大樓,2.6,5,18.09,4,1800
電梯大樓,0.7,5,27.54,8,5440
公寓,53.4,4,29.7,8,2768
電梯大樓,9.2,11,41.51,7,4750
電梯大樓,8.5,15,4.81,3,595
電梯大樓,40.5,12,17.19,1,1800
電梯大樓,8.8,14,30.75,7,4680
公寓,49.8,4,38.42,6,2788
公寓,39.8,5,29.67,8,3980
電梯大樓,25.5,12,28.39,5,3073
電梯大樓,12.5,11,9.45,3,1780
電梯大樓,33.9,7,20.65,6,1250
電梯大樓,38.7,14,7.85,3,550
電梯大樓,20.6,15,40.45,2,7988
電梯大樓,21.2,6,8.29,3,798
電梯大樓,9.7,24,43.99,7,7380
電梯大樓,1.1,15,19.42,6,2880
透天厝,40.2,2,44,7,7800
電梯大樓,9.9,13,54.77,8,12988
電梯大樓,10,11,8.39,2,1198
電梯大樓,40.6,12,35.65,7,5208
電梯大樓,0.7,5,9.34,3,1676
電梯大樓,3.8,7,28.66,7,4288
公寓,49.7,5,38.42,8,4610
電梯大樓,7.2,7,22.78,7,3280
電梯大樓,20.5,8,14.61,4,1250
電梯大樓,24.6,7,62.39,6,3750
電梯大樓,17,8,38.67,8,6600
公寓,30,5,35.74,7,1650
電梯大樓,21.4,10,14.71,4,1493
公寓,35.8,5,32.97,8,1688
電梯大樓,1.7,14,43.12,7,5980
電梯大樓,0.9,8,30.74,7,4600
電梯大樓,7.7,13,39.88,6,3980
電梯大樓,31.7,12,13.82,2,2446
公寓,35.5,5,20.33,5,1880
電梯大樓,2.9,9,26.64,7,5680
電梯大樓,29.3,7,83.13,2,4500
電梯大樓,34.8,11,9.3,3,600
電梯大樓,40.3,14,15.99,5,1800
電梯大樓,12.7,11,7.72,3,730
電梯大樓,6.5,14,8.14,2,1388
電梯大樓,23.6,5,6.86,2,858
電梯大樓,21,16,20.82,4,1798
公寓,36,5,39.5,7,3680
電梯大樓,0.7,10,58.03,5,11752
電梯大樓,37,12,5.96,2,390
電梯大樓,25,16,72.42,9.5,4280
電梯大樓,4.1,14,16.98,5,2160
公寓,37,5,29.18,6.5,1250
公寓,37.2,5,29.14,9,2520
電梯大樓,35.4,7,13.3,3,2320
別墅,5.5,3,80.69,7,5180
公寓,37.1,5,31.21,7,3280
公寓,38.2,5,34.56,6,1980
公寓,33.7,5,20.63,7,1680
電梯大樓,32.5,12,49.44,3,4068
電梯大樓,8.3,8,14.39,2,1588
電梯大樓,9.6,13,9.04,2,1368
電梯大樓,38.6,7,21.93,7,2280
電梯大樓,3.9,13,43.23,8,5888
電梯大樓,20.6,16,51.33,8,3650
電梯大樓,3.5,11,19.12,5,2395
電梯大樓,32,7,34.83,7,2580
電梯大樓,29.5,11,39.19,6,2680
電梯大樓,7.4,13,52.94,8,5460
電梯大樓,6.7,9,42.28,7,5500
公寓,37.8,5,29.87,7,2600
電梯大樓,29.2,12,8.65,3,750
公寓,43,4,29.3,7,3180
別墅,31.5,3,50.56,8.5,3680
電梯大樓,5.4,14,48.41,7,6580
電梯大樓,9.9,13,34.66,8,3680
電梯大樓,8.7,7,6.97,3,1250
電梯大樓,29.5,15,4.23,1,598
電梯大樓,28.8,12,41.03,6,6000
電梯大樓,14.5,8,25.35,1,7200
公寓,36,5,25.51,6,1680
電梯大樓,6.6,7,25.75,7,7083
電梯大樓,5.6,13,56.91,7,12250
公寓,47.3,4,22.35,5,1676
電梯大樓,31.8,7,15.31,5,2350
電梯大樓,4.8,7,8.24,3,2160
公寓,32.8,5,33.08,7,1350
電梯大樓,31.1,14,22.94,6,2480
電梯大樓,2.7,16,60.87,10.5,15000
電梯大樓,26.1,12,138.58,14,22300
電梯大樓,35.5,11,15.51,5,1980
電梯大樓,30.4,14,25.87,6,2488
電梯大樓,20.5,9,7.47,2,1180
公寓,42.5,4,40.07,7,5500
電梯大樓,36,12,28.74,5,2715
電梯大樓,32.6,12,9.25,3,838
電梯大樓,8.9,7,5.98,3,1288
電梯大樓,8.6,9,14.36,3,2580
電梯大樓,9.1,13,8.68,3,1298
電梯大樓,39.2,12,9.77,3,930
電梯大樓,31.2,12,45.65,5,4980
電梯大樓,33.7,7,28.02,6,2980
電梯大樓,21.9,8,12.31,3,1680
公寓,41.3,4,119.11,24,7500
電梯大樓,24.6,11,74.9,1,9800
電梯大樓,30.5,6,58.02,9,7980
電梯大樓,7.1,13,36.94,8,5500
電梯大樓,1.5,23,53.69,3,11049
電梯大樓,17,14,104.05,8,14500
電梯大樓,38.4,16,23.55,5,3180
電梯大樓,1.5,23,64.22,9,14800
電梯大樓,25.7,14,3.48,1,980
電梯大樓,4.9,15,19.66,5,3450
公寓,33.8,5,30.45,8,3168
電梯大樓,35.4,6,45.22,6,12800
電梯大樓,5,6,44.01,8,11639
公寓,37.3,5,29.53,6.5,2350
電梯大樓,8,19,16.72,4,4380
電梯大樓,39.7,7,15.38,5,1676
電梯大樓,10.5,13,7.84,3,1480
公寓,36.4,5,23.15,1,3980
公寓,37.2,5,24.6,7.5,1450
電梯大樓,4.1,11,45.47,9,6800
電梯大樓,19.8,18,44.01,8,3580
電梯大樓,33.9,7,56.62,8,4500
電梯大樓,6.2,5,14.57,1,2200
電梯大樓,26.4,7,19.87,6,1880
電梯大樓,3.9,13,49.77,8,7300
公寓,31.6,5,26.76,7,1480
電梯大樓,35.8,7,39.57,5,5300
電梯大樓,3.6,7,17.22,4,3365
公寓,40.2,5,29.83,7,2800
電梯大樓,11.4,11,10.16,5.5,1880
電梯大樓,8.6,7,29.49,8,2980
電梯大樓,3.3,7,27.97,7,2598
公寓,42.2,4,19.4,5,1268
電梯大樓,32.1,7,19.79,4,1490
電梯大樓,7.4,7,47.66,8,9980
電梯大樓,7.7,15,23.93,6,2880
電梯大樓,5.7,14,48.37,6,17680
電梯大樓,35.5,16,29.04,5,3250
電梯大樓,13.4,19,35.76,7,6150
電梯大樓,35.5,12,4.64,1,1980
電梯大樓,25.6,7,33.43,6,4380
公寓,35.6,5,35.91,7,3450
電梯大樓,36.8,7,15.78,3,4380
電梯大樓,11.7,10,16,4,1798
電梯大樓,20.4,21,8.12,3,808
電梯大樓,17.7,6,5.14,2,980
電梯大樓,34.1,7,37.6,7,3098
公寓,45.4,4,51.25,7,4200
公寓,46.2,4,26.2,6,3750
電梯大樓,20.4,11,6.15,2,650
電梯大樓,39.6,13,72.47,8,9180
電梯大樓,32.5,12,34.77,2,4250
電梯大樓,8.5,8,38.58,7,3980
電梯大樓,45.5,6,13.2,4,1180
電梯大樓,7,8,30.74,7,4150
電梯大樓,4.6,14,50.15,7,5880
電梯大樓,36.2,12,29.38,8,2580
電梯大樓,34.7,11,13.86,4,1180
電梯大樓,5.4,5,19.38,5,1890
電梯大樓,6.4,5,17.81,6,3980
電梯大樓,4.4,9,17.59,4,3888
電梯大樓,31,7,29.18,7,3080
電梯大樓,6.3,11,26.4,4,4988
電梯大樓,25.4,5,8.61,3,550
電梯大樓,2.9,9,36.76,8,7980
電梯大樓,1.4,19,50.06,8,9888
電梯大樓,19,24,28.3,7,3588
電梯大樓,4.8,20,49.97,9,8300
公寓,52.3,4,21.96,5,1598
公寓,34.9,5,32.33,7,1550
電梯大樓,32.2,6,27.88,9,2500
公寓,32.3,5,28.95,7,1180
電梯大樓,6.2,14,57.51,9,13300
電梯大樓,28.2,13,54.39,7,8000
電梯大樓,7.4,14,39.06,7,8288
公寓,41.2,4,26.84,6,1980
電梯大樓,31.5,7,45.41,7,4768
電梯大樓,10.3,14,8.12,3,2450
公寓,52.7,4,31.23,4,7800
電梯大樓,38.9,12,37.45,7,4975
電梯大樓,4.4,12,23.37,7,4980
電梯大樓,30.2,14,24.18,6.5,2688
電梯大樓,39.9,12,18.35,3,2446
電梯大樓,9.4,10,27.2,1,3980
電梯大樓,34.6,12,47.52,8,4650
電梯大樓,17.2,10,30.62,7,4180
電梯大樓,5.2,8,26.85,7,2900
電梯大樓,23,8,9.4,2,758
電梯大樓,22.3,7,8.48,2,758
電梯大樓,10.7,13,24.93,7,2580
電梯大樓,22.7,10,18.71,4,1468
電梯大樓,30.6,19,31.66,7.5,3350
公寓,37,5,35.87,7,2300
電梯大樓,4.1,16,68.44,1,12000
電梯大樓,31.1,14,24.69,10,2280
電梯大樓,17,8,23.85,7,2700
電梯大樓,3.5,10,51.91,8,6900
電梯大樓,35.4,12,22.29,5,1577
電梯大樓,7.4,7,6.22,3,999
電梯大樓,4,13,42.96,7,9800
電梯大樓,16.5,14,67.07,10,9988
電梯大樓,5.4,14,96.94,12,13160
別墅,9.2,5,25.25,9,3888
電梯大樓,8.7,5,13.88,1,1980
公寓,33.8,5,41.49,8,4280
電梯大樓,5.7,11,35.5,7,3800
公寓,35.9,5,30.25,12,1380
電梯大樓,5.6,7,27.5,7,3380
電梯大樓,11.4,12,7.96,2,1100
電梯大樓,3.5,10,51.91,9,6980
公寓,27,5,57.35,10,3350
公寓,35.2,5,30.56,6.5,1650
電梯大樓,6,14,66.48,6,13900
電梯大樓,20.5,5,9.13,3,1099
電梯大樓,6.8,18,9.2,3,1550
電梯大樓,32.2,7,64.69,9,5980
公寓,43.2,4,41.03,9,5980
公寓,35.5,5,33.54,7,1380
電梯大樓,4.3,10,49.51,9,7980
公寓,48.7,4,41.76,6.5,1680
電梯大樓,39,7,62.47,9,5780
電梯大樓,8.5,8,7.28,3,1258
電梯大樓,32.2,19,28.55,7,3580
電梯大樓,7.1,14,62.24,9,9688
電梯大樓,35.5,12,31.8,6.5,3380
電梯大樓,2.1,15,42.79,8,4980
電梯大樓,20.8,17,16.47,4,1088
公寓,28.1,5,39.08,6,3200
電梯大樓,6.1,14,16.43,4,1650
電梯大樓,1.5,9,18.72,6,2380
公寓,16.4,4,20.67,7,1400
別墅,8.7,5,87.74,15,7980
電梯大樓,34.6,7,16.7,2,1888
電梯大樓,0.9,25,37.18,7,8980
電梯大樓,8.5,8,6.61,2,1188
電梯大樓,35.5,7,43.09,2,10800
電梯大樓,32.6,10,52.24,7,8980
公寓,50.2,4,40.08,7,6980
電梯大樓,4.5,19,55.67,8,13580
電梯大樓,10,10,7.25,3,1238
電梯大樓,34.5,7,32.14,9,5480
電梯大樓,29.2,12,14.59,5,2108
電梯大樓,40.5,12,28.46,7,3198
電梯大樓,20.9,10,87.21,4,10000
電梯大樓,36.4,7,33.38,8,3490
電梯大樓,41,6,39.54,8,4100
電梯大樓,38.5,14,40.09,7,5380
電梯大樓,27.7,21,49.65,7,6800
電梯大樓,35.4,7,36.07,7,3050
電梯大樓,38.4,7,29.82,7,2500
電梯大樓,36.4,7,34.51,5,9600
電梯大樓,27.9,25,114.56,12,17200
電梯大樓,8,11,26.03,4,3880
電梯大樓,3.9,14,36.88,8,4468
電梯大樓,40.3,12,16.59,5,1980
公寓,39.7,5,19.72,6,1288
電梯大樓,3,23,52,8,7083
電梯大樓,5.7,15,52.6,9,14960
公寓,40.9,4,25.39,6,1290
電梯大樓,8.8,14,14.93,4,2880
電梯大樓,2.1,7,11.38,4,3377
電梯大樓,28.6,16,30.71,7,3990
電梯大樓,34,7,63.46,8,8100
電梯大樓,38.3,7,29.38,7,3688
電梯大樓,30.3,7,32.42,7,3968
電梯大樓,30.3,12,8.39,3,1180
電梯大樓,8.8,14,6.77,3,1380
電梯大樓,8.8,14,34.43,8,4550
電梯大樓,3.7,10,8.88,3,1580
電梯大樓,8.2,15,19.15,5,3680
公寓,31.4,5,42.37,7,4700
電梯大樓,0.5,10,15.11,3,2958
公寓,33.5,5,50.08,6,2650
電梯大樓,0.9,12,24.6,7,2388
電梯大樓,6.7,11,6.05,2,1141
公寓,37.8,5,33.23,8,1730
電梯大樓,22.7,6,53.03,12,5180
公寓,36,5,60.8,14,2980
透天厝,52.1,2,34.21,6,5380
電梯大樓,7.9,18,10.08,3,900
電梯大樓,9,14,8.46,2,1250
公寓,36.8,5,46.96,8,2980
電梯大樓,7.6,11,28.86,7,2680
電梯大樓,7.9,12,44.9,8,7580
電梯大樓,1.1,11,28,7,2480
電梯大樓,4.6,8,12.29,4,2280
電梯大樓,5.6,13,20.04,5,2880
公寓,48,3,19.4,5,1160
公寓,35.9,5,36.46,6,1468
公寓,34,5,28.51,7,1480
電梯大樓,31.2,10,7.92,2,535
電梯大樓,8.8,14,37.58,8,8788
公寓,37.4,5,35.96,8,2530
電梯大樓,18.1,9,34.21,7,2750
透天厝,45.2,2,29.85,6,7300
電梯大樓,5.7,7,40.85,7,6900
電梯大樓,7.4,14,7.84,3,1200
電梯大樓,13.3,14,68.13,12,15100
電梯大樓,4.8,20,53.14,2,9860
電梯大樓,9.5,10,8.28,3,1480
電梯大樓,6.4,14,21.63,5,3034
電梯大樓,3.5,11,11.82,2,1480
電梯大樓,35.5,7,34.05,7,3480
電梯大樓,22.4,16,46.93,7,3980
公寓,36.7,5,22.61,3,1380
電梯大樓,9.9,15,16.69,5,1960
電梯大樓,46.8,7,16.07,3,1980
電梯大樓,31.4,7,42.77,7,5980
電梯大樓,8.3,13,7.4,2,1300
電梯大樓,16.9,11,20.47,5,2880
電梯大樓,40.5,7,21.58,5,2150
電梯大樓,15.3,18,24.47,6.5,2950
電梯大樓,28.6,16,23.3,5,3300
電梯大樓,34.8,12,49.75,3,5223
電梯大樓,28.8,12,17.69,6,2488
電梯大樓,27.9,25,59.37,8,8880
電梯大樓,38.5,15,49.43,7,6150
電梯大樓,46.7,11,29.52,2,4300
電梯大樓,33.6,14,30.65,6,4180
電梯大樓,27.5,13,52.88,8,9880
電梯大樓,5.2,9,13.92,7,3668
透天厝,52.8,4,79.63,7,6980
電梯大樓,2.1,7,10.72,4,2993
公寓,29.3,5,45.77,8,2583
公寓,39,5,25.9,9,2280
電梯大樓,47.3,7,14.69,2,9800
電梯大樓,3.7,13,35.58,8,3980
電梯大樓,31.5,7,38,6.5,3480
電梯大樓,1.3,10,24.97,7,3516
電梯大樓,10.3,14,5.7,3,1980
透天厝,49.6,2,20.6,3,2250
電梯大樓,40.6,7,66,9,7500
公寓,34,5,22.8,1,1280
電梯大樓,3.9,14,36.88,7,4336
透天厝,55,2,20.8,6,2488
電梯大樓,8.2,11,14.85,2,1820
電梯大樓,33,7,24.85,7,2280
電梯大樓,8.7,12,13.63,4,3998
電梯大樓,44.4,12,36.51,10,5500
電梯大樓,31.5,7,41.22,8,2988
電梯大樓,39.8,7,40.78,3,4988
電梯大樓,37.7,12,30.68,7,3490
電梯大樓,35.5,21,64.95,6,9980
電梯大樓,8.6,14,23.21,6,3280
電梯大樓,28.5,5,5.15,2,788
電梯大樓,22.4,12,22.68,5,2188
電梯大樓,12.1,8,10.89,2,1600
公寓,36.6,5,28.8,7,1580
電梯大樓,5.4,14,48.53,7,6580
電梯大樓,8.6,8,12.48,5,1600
電梯大樓,14.1,8,15.55,4,1555
電梯大樓,23.9,12,86.2,7,5980
電梯大樓,18.4,12,33.55,7,2969
電梯大樓,32,7,35.29,8,3280
電梯大樓,31.8,7,44.13,7,3950
電梯大樓,4.8,7,25.54,8,2980
電梯大樓,18,10,31.21,7,3980
透天厝,64,3,62.84,12,12600
電梯大樓,7.4,9,52.73,7,6380
公寓,31.9,5,53.54,8,7500
電梯大樓,3.2,12,30.93,7,4380
公寓,44.5,4,23.99,2,2480
電梯大樓,1.1,11,37.44,7,3100
電梯大樓,9.9,12,8.3,2,1088
電梯大樓,3.9,15,57.77,9,6400
電梯大樓,4.2,12,33.44,8,4380
電梯大樓,38.7,14,7.18,2,508
電梯大樓,7.9,18,10.83,3,898
公寓,29.2,5,31.93,7,2280
電梯大樓,5.5,8,6.58,2,1150
公寓,32.7,5,30.02,8,2068
公寓,31.6,5,31.05,7,1880
電梯大樓,31.6,12,50.77,10,4600
電梯大樓,9.5,12,15,5.5,1798
公寓,39.7,4,23.03,6,1480
公寓,35.4,5,22.79,5,1198
電梯大樓,1.7,14,69.21,9,9200
電梯大樓,21.1,8,42.68,7,3288
電梯大樓,33.4,7,23.81,6,1950
電梯大樓,7.8,9,15.49,5,2060
公寓,32.3,5,28.95,7,1138
電梯大樓,23.5,9,27.25,5,2280
公寓,32.8,5,26.26,7,1395
電梯大樓,14.9,10,36.71,8,3600
電梯大樓,22.2,10,45.03,9,5688
別墅,31,4,64.91,13,5750
別墅,31,4,73.4,14,5868
電梯大樓,26.6,7,48.26,8,3560
公寓,28.5,5,32.73,7,2198
電梯大樓,9.2,15,13.39,4,1798
電梯大樓,1.1,13,16.54,5,2188
公寓,39.7,5,30.48,7,2390
公寓,37,5,27.7,6,1560
公寓,41.9,4,45.71,8,3950
電梯大樓,1.1,11,29.94,7,2880
電梯大樓,33.1,7,56.25,8,4780
電梯大樓,11.6,7,6.54,2,1180
電梯大樓,31.2,12,31.7,3,3380
公寓,35.5,5,46.78,8,4180
電梯大樓,6.3,15,36.38,7,4290
電梯大樓,21.4,19,44.24,7,4788
電梯大樓,40.2,12,16.57,5,1980
公寓,31.5,5,28.51,6,2050
電梯大樓,24.7,16,41.77,8,3490
電梯大樓,6.4,7,39,7,4980
電梯大樓,7.1,13,13.72,5,2100
電梯大樓,5.1,15,41.98,7,5180
電梯大樓,36.8,7,33.37,7,2680
電梯大樓,35.3,7,30.83,6,3680
電梯大樓,7.7,7,46.91,8,11500
電梯大樓,6.7,9,42.28,7,5500
公寓,37.8,5,29.87,7,2600
電梯大樓,29.2,12,8.65,3,750
公寓,43,4,29.3,7,3180
別墅,31.5,3,50.56,8.5,3680
電梯大樓,5.4,14,48.41,7,6580
電梯大樓,9.9,13,34.66,8,3680
電梯大樓,8.7,7,6.97,3,1250
電梯大樓,8.9,7,17.84,5,1790
電梯大樓,13.9,6,31.55,5,6980
公寓,40.5,4,26.03,6.5,1980
公寓,35.4,5,33.89,8,2550
電梯大樓,1.5,4,25.44,7,3170
電梯大樓,9.1,13,8.42,3,1688
電梯大樓,34.4,12,17.68,5,1780
電梯大樓,14.6,14,49.06,4,6900
電梯大樓,25,16,36.79,7,2280
電梯大樓,1.7,11,10.47,3,2280
電梯大樓,35.4,11,7.7,3,500
公寓,35.4,5,45.32,8,2680
電梯大樓,1.5,9,18.71,6,1938
電梯大樓,22.8,6,8.45,3,868
電梯大樓,20.8,8,20,4,1600
公寓,37.6,5,35.06,7,1998
電梯大樓,26.5,18,56.45,3,4030
公寓,35.4,5,31.29,7,2580
電梯大樓,31.5,10,38.13,7.5,2400
電梯大樓,4.8,7,16.4,5,2280
公寓,34.9,5,25.02,6,1600
電梯大樓,14.8,8,36.89,8,3680
電梯大樓,7.1,14,37.27,2,3980
電梯大樓,7.1,14,36.55,2,4180
公寓,38.4,5,34.04,7,2500
電梯大樓,3.3,14,28.05,1,4760
電梯大樓,34.3,14,32.48,6,1950
公寓,33,5,41.97,8,2558
電梯大樓,17.9,14,31.35,7,4500
電梯大樓,8.7,11,14.85,2,1788
電梯大樓,5.2,8,26.76,7,2300
電梯大樓,19.2,8,25.36,6.5,1998
電梯大樓,11.2,6,24.8,7,3016
電梯大樓,4.1,7,23.79,7,2679
電梯大樓,19.2,9,25.11,6.5,1800
電梯大樓,25,16,37.25,8,2880
電梯大樓,26.4,7,70.11,10,5488
電梯大樓,17.7,14,29.59,7,3580
電梯大樓,8.7,6,100.84,1,8980
電梯大樓,24.9,12,21.32,7,2190
公寓,37.2,5,30.35,12,1698
公寓,38.3,5,21.22,6,1380
電梯大樓,8.9,7,17.38,5,2250
電梯大樓,6.6,10,17.65,1,1850
電梯大樓,7.8,9,29.53,7,5588
公寓,33.2,5,27.69,6,1590
公寓,37.5,5,25.79,3,1498
公寓,28.6,5,29.15,4,3280
電梯大樓,4.6,14,10.34,3,1580
電梯大樓,6.4,14,13.68,3,1965
電梯大樓,6.4,14,21.63,5,3152
公寓,31.4,5,27.49,10,2188
電梯大樓,7.2,11,49.98,7,12888
電梯大樓,4.1,11,48.12,8,14380
電梯大樓,6.8,5,33.79,7,4680
電梯大樓,11.6,14,29.35,7,3680
電梯大樓,3.9,14,36.7,8,3925
公寓,32.8,5,32.54,7,1580
電梯大樓,5.7,11,35.5,7,3888
電梯大樓,8.4,7,85.4,8,6600
電梯大樓,22.9,8,8.88,3,680
電梯大樓,32,12,37.9,8,2988
別墅,14,5,80.95,12,7500
電梯大樓,9.6,9,10.53,2,1488
電梯大樓,3.5,6,21.77,5,2300
電梯大樓,7.2,15,52.29,9,7500
電梯大樓,8.9,10,29.9,7,3498
電梯大樓,16.5,6,22.02,6,3488
電梯大樓,4.1,13,37.22,7,6888
電梯大樓,32.7,15,50.34,7,5395
電梯大樓,9.8,7,40.9,8,6500
電梯大樓,4.4,14,39.86,7,7880
電梯大樓,16.9,14,45.51,8,6460
電梯大樓,34.3,14,38.78,5,3480
公寓,36.7,5,24.27,4,1456
電梯大樓,9.9,11,32.12,8,3333
公寓,43.2,4,52.76,8,7800
電梯大樓,5.8,14,32.77,4,6980
公寓,41.7,4,17.67,4,1750
公寓,36.6,5,29.06,6,1998
電梯大樓,8.4,13,6.05,1,1230
電梯大樓,2.7,16,89.69,8.5,24760
電梯大樓,32,7,33.36,7,4280
電梯大樓,33,7,531.78,17,55000
電梯大樓,40.8,7,15.65,5,1599
電梯大樓,2.1,7,7.27,4,2070
電梯大樓,32.1,7,19.79,4,1490
電梯大樓,7.4,14,17.46,5,2688
電梯大樓,9.5,12,7.79,3,1298
電梯大樓,32.6,12,14.76,3,1320
電梯大樓,9.5,7,9.4,2,999
電梯大樓,17.6,6,9.16,3,880
透天厝,50.1,4,39.89,11,3980
電梯大樓,4.5,16,77.6,6,16500
電梯大樓,34.7,11,14.84,4,1280
電梯大樓,13.6,15,7.91,3,1160
電梯大樓,29.5,7,7.66,3,648
電梯大樓,6.8,15,38.87,8,5200
電梯大樓,8.6,9,9.8,3,1688
電梯大樓,12.6,8,13.83,2,2480
公寓,41.5,4,35.15,7,3650
電梯大樓,4.3,13,38.88,7,7700
電梯大樓,32.8,13,12.18,4,980
電梯大樓,44.4,6,49.03,2,3680
電梯大樓,22.7,7,15.65,3,1350
電梯大樓,29.9,7,32.43,5,2647
電梯大樓,30.1,18,33.84,7,3788
電梯大樓,5.6,13,37.31,6,6990
電梯大樓,38.5,17,17.74,2,2388
電梯大樓,32.5,12,17.81,2,5968
電梯大樓,3.7,7,12.83,3,3988
電梯大樓,8.7,12,18.28,6,6188
公寓,50.5,4,30.1,11,3500
電梯大樓,33.7,12,52.69,3,5800
電梯大樓,36.4,7,47.81,8,3820
電梯大樓,34.6,11,20.25,2,2500
電梯大樓,42,12,11.05,4,998
電梯大樓,44.5,11,94.01,6,6999
電梯大樓,21.5,6,12.52,5,1880
電梯大樓,37.8,7,34.06,6,11660
電梯大樓,30.4,7,53.32,7,3668
電梯大樓,31.3,12,29.66,7,2680
電梯大樓,1.6,9,16.45,4,3150
公寓,49,4,24.6,7,1490
電梯大樓,31.4,14,31.09,5,3395
電梯大樓,7.2,15,52.29,8,8800
電梯大樓,36.5,14,15.62,4,1350
電梯大樓,12,14,16.73,5,2180
別墅,11.1,5,98.06,9,12800
電梯大樓,6.4,14,21.63,5,3138
電梯大樓,8.9,10,20.36,6,2280
電梯大樓,7.2,13,12.44,3,1866
電梯大樓,6.8,18,9.75,3,1600
電梯大樓,32.6,12,16.35,3,1320
電梯大樓,10.5,7,7.34,2,1066
透天厝,14,5,79.14,11,6680
透天厝,50.2,2,31.36,3,7980
別墅,8.4,4,81.34,10,6880
電梯大樓,7.8,14,17.72,1,2260
電梯大樓,21.8,10,77.24,5,9780
電梯大樓,5,14,44.36,3,13500
電梯大樓,9.5,12,8.04,2,1290
電梯大樓,8.7,10,13.81,3,2380
公寓,38.7,5,33.73,7,2980
電梯大樓,7.2,15,52.29,8,8800
電梯大樓,36.5,14,15.62,4,1350
電梯大樓,12,14,16.73,5,2180
別墅,11.1,5,98.06,9,12800
電梯大樓,6.4,14,21.63,5,3138
電梯大樓,8.9,10,20.36,6,2280
電梯大樓,7.2,13,12.44,3,1866
電梯大樓,6.8,18,9.75,3,1600
電梯大樓,32.6,12,16.35,3,1320
電梯大樓,10.5,7,7.34,2,1066
透天厝,50.2,2,31.36,3,7980
透天厝,14,5,79.14,11,6680
別墅,8.4,4,81.34,10,6880
電梯大樓,7.8,14,17.72,1,2260
電梯大樓,21.8,10,77.24,5,9780
電梯大樓,5,14,44.36,3,13500
電梯大樓,9.5,12,8.04,2,1290
電梯大樓,8.7,10,13.81,3,2380
公寓,38.7,5,33.73,7,2980
公寓,28.8,5,31.13,7,2350
電梯大樓,30.1,18,33.84,7,3788
電梯大樓,5.6,13,37.31,6,6990
電梯大樓,38.5,17,17.74,2,2388
電梯大樓,32.5,12,17.81,2,5968
電梯大樓,3.7,7,12.83,3,3988
電梯大樓,8.7,12,18.28,6,6188
公寓,50.5,4,30.1,11,3500
電梯大樓,33.7,12,52.69,3,5800
電梯大樓,36.4,7,47.81,8,3820
電梯大樓,34.6,11,20.25,2,2500
電梯大樓,42,12,11.05,4,998
電梯大樓,44.5,11,94.01,6,6999
電梯大樓,21.5,6,12.52,5,1880
電梯大樓,37.8,7,34.06,6,11660
電梯大樓,30.4,7,53.32,7,3668
電梯大樓,31.3,12,29.66,7,2680
電梯大樓,1.6,9,16.45,4,3150
公寓,49,4,24.6,7,1490
電梯大樓,8.6,9,14.36,3,2580
電梯大樓,9.1,13,8.68,3,1298
電梯大樓,39.2,12,9.77,3,930
電梯大樓,31.2,12,45.65,5,4980
電梯大樓,33.7,7,28.02,6,2980
電梯大樓,21.9,8,12.31,3,1680
公寓,41.3,4,119.11,24,7500
電梯大樓,24.6,11,74.9,1,9800
電梯大樓,30.5,6,58.02,9,7980
電梯大樓,7.1,13,36.94,8,5500
電梯大樓,1.5,23,53.69,3,11049
電梯大樓,17,14,104.05,8,14500
電梯大樓,38.4,16,23.55,5,3180
電梯大樓,1.5,23,64.22,9,14800
電梯大樓,25.7,14,3.48,1,980
電梯大樓,4.9,15,19.66,5,3450
公寓,33.8,5,30.45,8,3168
電梯大樓,35.4,6,45.22,6,12800
電梯大樓,5,6,44.01,8,11639
電梯大樓,23.8,6,6.59,2,1200
電梯大樓,32.2,7,31.46,8,6380
電梯大樓,7.7,14,16.12,5,1650
電梯大樓,13.7,7,29.4,8,3398
電梯大樓,7.2,6,16.7,1,1988
電梯大樓,8.8,12,6.37,2,798
電梯大樓,10.5,7,7.34,2,1650
電梯大樓,7.3,18,44.8,9,6880
電梯大樓,32.1,19,9,1,883
電梯大樓,48.2,6,45.99,2,4980
電梯大樓,17.8,14,16.15,6,1788
電梯大樓,39.5,12,31.2,8,2490
電梯大樓,38.6,16,44,7,5388
電梯大樓,9.3,14,7.16,3,1300
電梯大樓,8.5,15,5.06,3,599
電梯大樓,39.6,14,11.08,2,1360
電梯大樓,21.5,7,40.11,4,5677
電梯大樓,7.4,7,31.62,7,6146
公寓,42.7,5,25.66,4,3480
電梯大樓,10.7,13,24.93,7,2580
電梯大樓,22.7,10,18.71,4,1468
公寓,37,5,35.87,7,2300
電梯大樓,16.6,12,52.49,5,7500
公寓,27,5,63.24,10,3750
電梯大樓,45,9,25.38,7,2388
電梯大樓,17,12,26.01,7,2880
電梯大樓,10.2,6,5.58,2,750
電梯大樓,8.7,10,13.81,2,1958
電梯大樓,18.6,7,162.56,1,11880
電梯大樓,9.8,7,40.78,8,6500
公寓,28,8,35.92,8,1980
電梯大樓,5.8,16,38.62,2,7980
電梯大樓,5,14,72.52,8,15760
電梯大樓,6.4,14,18.31,4,2715
電梯大樓,31.7,12,37.32,2.5,3880
電梯大樓,20.1,11,35,7,3180
電梯大樓,13.1,10,118.04,12,22555
電梯大樓,1.5,13,38.92,7,5980
透天厝,15,5,60.18,9,7888
電梯大樓,4.1,12,36.28,4,6520
電梯大樓,15.7,9,34.73,7,5600
電梯大樓,16,11,41.66,11,6380
電梯大樓,9.3,11,15.75,5,3060
電梯大樓,7.6,10,21.7,5,3950
電梯大樓,6.6,10,22.21,6,3980
電梯大樓,2.4,6,5.99,3,1288
電梯大樓,1.4,12,10.54,3,2280
電梯大樓,3.8,14,13.01,4,2250
電梯大樓,11.9,5,25.32,7,2980
電梯大樓,2,17,56.14,8,9500
公寓,43.5,4,19.1,6,1500
電梯大樓,8.7,7,4.33,2,660
電梯大樓,30.6,18,13.65,4,1780
公寓,52.6,4,27.85,6,3100
電梯大樓,4.8,7,12.64,3,1998
公寓,47.5,4,25.29,7,2198
公寓,35.7,5,20.51,6,1350
電梯大樓,40.9,8,28.08,5,1880
電梯大樓,4.4,14,41.88,7,6780
電梯大樓,33.3,12,34.2,7,2360
電梯大樓,17,12,25.93,7,2850
電梯大樓,35.8,7,11.13,6,1400
電梯大樓,36.2,7,35.37,6.5,2656
電梯大樓,32.6,12,31.7,8,2550
電梯大樓,3.7,7,19.17,5,2538
電梯大樓,6.8,14,46.94,8,8800
電梯大樓,5,10,8.65,3,1750
電梯大樓,39.7,9,80.19,11,5500
電梯大樓,34.4,12,45.3,3,2400
電梯大樓,5,10,10.06,3,2000
公寓,44.2,4,32.11,8,2560
電梯大樓,26.8,5,9,4,1160
電梯大樓,18.2,14,4.17,1,780
公寓,38,7,38.59,10,6700
電梯大樓,32.6,12,16.57,2,1314
電梯大樓,22.6,8,9.31,2,980
電梯大樓,33,12,44.16,6,4980
電梯大樓,12.5,11,4.66,2,1228
電梯大樓,5.9,13,16.77,3,2480
公寓,43,4,25.87,2,2988
電梯大樓,11.6,12,17.6,4,2380
電梯大樓,11,10,48.07,6,6335
電梯大樓,33.6,7,45.15,5,5500
公寓,32.6,5,26.29,7,1500
公寓,31.4,5,38.34,8,2600
公寓,29.6,5,22.36,2,3280
電梯大樓,37.6,7,21.62,2,1780
電梯大樓,17.5,7,33.33,7,4380
電梯大樓,4.1,16,68.44,1,12000
電梯大樓,17,8,23.85,7,2700
電梯大樓,3.5,10,51.91,8,6900
電梯大樓,35.4,12,22.29,5,1577
電梯大樓,7.4,7,6.22,3,999
電梯大樓,4,13,42.96,7,9800
電梯大樓,16.5,14,67.07,10,9988
電梯大樓,5.4,14,96.94,12,13160
電梯大樓,9.9,11,37.48,8,4500
公寓,46.3,4,27.56,7,1658
電梯大樓,30.9,14,33.73,7,3680
電梯大樓,3.3,21,47.67,8,6500
電梯大樓,31.3,14,29.69,7,3260
公寓,47.4,4,26.02,7,1850
電梯大樓,35.6,13,7.79,3,738
公寓,42.3,4,24.16,7,2350
電梯大樓,6.2,12,35.76,8,4980
電梯大樓,5.4,13,45.94,7,5888
電梯大樓,31.1,14,24.69,10,2280
電梯大樓,9.9,12,13.89,3,1420
電梯大樓,7.6,7,17.77,5,2050
電梯大樓,27.2,7,52.31,11,3980
電梯大樓,5.4,13,42.47,8,5680
公寓,36.3,5,41.73,7,3188
電梯大樓,9.6,11,28.71,1,4260
電梯大樓,26.5,27,45.85,8,4980
電梯大樓,38.1,17,44.83,2,4800
透天厝,56.7,1,17.58,7,1800
電梯大樓,31.1,14,4.62,3,1198
電梯大樓,38.2,11,12.69,3,750
電梯大樓,37.9,7,37.09,10,4300
電梯大樓,2.7,16,95.17,8.5,24000
電梯大樓,33.1,7,46.18,7,6200
公寓,45.1,4,25.36,6,1280
公寓,35,5,28.96,6,3600
電梯大樓,31.1,7,26.31,6.5,3350
電梯大樓,7.7,15,45.47,8,6490
電梯大樓,30.2,14,24.22,7,2600
電梯大樓,31.2,18,28.38,7,2850
電梯大樓,36.8,7,44.22,8,4780
電梯大樓,39.3,7,20.12,5,2588
電梯大樓,46.7,11,57.02,8,5999
電梯大樓,34.6,7,45.34,8,4490
電梯大樓,37.6,7,40.41,7,4000
電梯大樓,38.5,15,46.06,8,5880
電梯大樓,30.4,14,26.98,5.5,2688
電梯大樓,45,7,38.79,7,3988
電梯大樓,11.8,14,6.85,2,1015
電梯大樓,0.9,25,37.18,7,8990
電梯大樓,44.7,12,46.72,7,4765
電梯大樓,10.1,14,8.29,2,1240
公寓,47.2,4,24.73,6,1390
電梯大樓,29.5,6,46.14,2,32000
電梯大樓,7,9,12.54,4,1730
電梯大樓,9.6,11,9.82,3,1680
電梯大樓,1.4,19,49.25,8,9980
公寓,52.7,4,31.23,4,7800
電梯大樓,31.1,15,23.23,5,2380
電梯大樓,6.9,7,13.53,3,1980
電梯大樓,25.2,12,53.98,9,9500
電梯大樓,0.9,25,33.71,7,6286
電梯大樓,27.2,9,56.98,9,7398
電梯大樓,39.1,12,20.12,6,2990
電梯大樓,32.1,19,23.2,6,2498
電梯大樓,5.4,13,38.76,7,4700
電梯大樓,11.3,7,29.31,6,6000
公寓,29.9,5,20.89,7.5,3480
公寓,39,5,28.52,7,1550
電梯大樓,9,11,6.43,3,1380
公寓,35.5,5,34.63,8,1880
公寓,38.9,5,31.28,7,1580
電梯大樓,3.1,27,40.26,8,4680
電梯大樓,32.8,7,43.74,7,2600
公寓,36.4,5,39.47,7,1650
電梯大樓,39.5,12,16.79,5,958
電梯大樓,24.9,5,17.45,5,1780
電梯大樓,39.4,11,11.67,4,1088
電梯大樓,5.4,13,38.76,7,4455
電梯大樓,4.7,25,26.44,7,3980
電梯大樓,23.1,11,50.71,2,18388
電梯大樓,1.3,9,41.22,7,6380
電梯大樓,27.4,11,37.04,8,4680
電梯大樓,7.3,13,15.55,5,2000
電梯大樓,5.9,10,12.64,4,1380
電梯大樓,9.6,11,9.91,2,1780
電梯大樓,22.1,5,9.48,3,1420
電梯大樓,30.5,3,61.12,8,7500
透天厝,45.5,4,30.89,2,2916
電梯大樓,28.4,7,54.31,7,3980
電梯大樓,6.9,14,40.95,7,8800
電梯大樓,27.1,2,234.79,4,14025
公寓,49.7,4,21.67,6,2580
電梯大樓,11.4,13,16.85,4,2316
電梯大樓,35.8,7,40.85,6,6300
公寓,47,4,29.3,6,1780
電梯大樓,4.1,11,33.05,7,7580
電梯大樓,4.1,11,34.4,8,4880
電梯大樓,35.6,8,55.81,9,2900
公寓,38.6,5,34.95,12,2480
電梯大樓,28.5,12,10.24,3,1199
電梯大樓,8.6,10,8.47,2,1080
公寓,39.5,4,25.63,6,1098
公寓,31.4,5,35.06,6,3488
電梯大樓,2.9,10,52.93,1,3980
電梯大樓,31.3,14,25.43,7,2600
電梯大樓,36.9,6,11.99,3,798
公寓,37.1,5,25.7,6.5,1800
電梯大樓,4.4,9,17.59,4,3888
電梯大樓,6.3,11,26.4,4,4988
電梯大樓,2.9,9,36.76,8,7980
電梯大樓,22.5,17,20,5,2100
電梯大樓,14.9,7,48.06,8,4280
電梯大樓,10.4,6,3.87,3,760
電梯大樓,3.5,13,37.78,8,4188
電梯大樓,5.5,15,36.97,8,6800
公寓,35.7,5,31.71,7,1198
電梯大樓,31.3,15,23.6,5,2185
公寓,38.2,5,24.15,6,980
公寓,49.4,4,31.61,7,1980
電梯大樓,40,12,22.32,6,2500
電梯大樓,35.4,11,7.7,3,500
電梯大樓,25.1,11,21.94,6,2990
公寓,29.9,5,30.98,6,1880
電梯大樓,39.1,7,20.15,3,2300
電梯大樓,35.8,12,22.72,4,2380
電梯大樓,46.7,11,29.52,2,4300
電梯大樓,17,12,25.93,7,2699
公寓,40,4,34.73,8,1780
電梯大樓,3.3,21,47.67,7,6600
電梯大樓,31.3,14,23.02,4,1980
電梯大樓,10.6,12,25.2,7,3188
電梯大樓,20.6,11,15.83,4,1920
電梯大樓,32.1,15,22.78,6,2368
電梯大樓,29.1,14,8,3,825
電梯大樓,5.8,11,36.77,8,3400
電梯大樓,37.5,12,19.21,5,1598
電梯大樓,4.8,20,46.3,9,6750
電梯大樓,28.9,12,10.91,4,1650
電梯大樓,17,10,25.94,7,2750
電梯大樓,22.5,17,27,1,2550
公寓,40.3,4,27.94,4,3980
電梯大樓,41.3,7,29.6,7,2850
別墅,26.1,3,77.31,12,6000
電梯大樓,21,6,32.68,6,4350
公寓,53.4,4,28.93,3,20800
電梯大樓,36.4,7,80.04,3,21800
電梯大樓,35.3,7,49.33,8,5200
電梯大樓,36.2,7,17.21,2,2080
電梯大樓,34.6,11,11.9,3,1888
電梯大樓,29.3,9,13.92,3,1988
電梯大樓,9,8,5.16,3,1250
電梯大樓,27.7,7,26.56,6,3650
電梯大樓,8.5,14,7.86,3,1480
公寓,38.8,5,32.49,9,2305
電梯大樓,38.5,14,29.55,7,3380
電梯大樓,35.4,14,45.81,7,6898
電梯大樓,35.8,7,55.38,8,4980
電梯大樓,46.2,6,37.24,6,3680
電梯大樓,3.6,14,31.61,7,5288
公寓,35.5,5,31.23,7,2588
公寓,40.9,4,21.83,5,1999
電梯大樓,42.8,7,50.66,2,9800
公寓,38,5,35.67,18,2980
公寓,30.9,5,21.47,5,2990